SYMBOL,"OPEN 
","HIGH 
","LOW 
","PREV. CLOSE 
","LTP 
","CHNG 
","%CHNG 
","VOLUME 
(shares)",VALUE ,"52W H 
","52W L 
","365 D % CHNG 
 23-Mar-2022","30 D % CHNG 
 21-Feb-2023"
TECHM,"1,020.40","1,065.80","1,020.40","1,023.70","1,057.20",33.5,3.27,"29,73,588","3,12,25,05,287.04","1,299.00",943.70,-18.69,-7.09
ONGC,159.5,164.2,159.35,158.95,164.05,5.1,3.21,"77,45,502","1,26,05,80,450.50",168.4,119.85,-0.93,5.23
HINDALCO,439.00,449.90,438.00,436.10,446.05,9.95,2.28,"28,84,369","1,28,36,30,736.07",504.00,308.95,-9.64,7.59
UPL,744.3,759.95,743.55,740.3,755.8,15.5,2.09,"10,27,261","77,66,70,951.66",848,607.5,-10.04,3.16
JSWSTEEL,731.95,746.50,728.50,725.30,739.80,14.5,2,"9,24,805","68,30,05,484.70",777.50,520.05,-0.25,5.41
AXISBANK,870,875.6,864.25,860,875.25,15.25,1.77,"74,16,711","6,46,15,12,790.31",970,618.25,18.03,0.17
INFY,"1,254.55","1,277.95","1,254.55","1,252.75","1,273.25",20.5,1.64,"42,43,925","5,38,32,49,105.50","1,672.60","1,185.30",-20.08,-12.27
EICHERMOT,"3,326.95","3,383.80","3,325.00","3,301.10","3,355.10",54,1.64,"4,19,833","1,40,57,60,420.54","3,889.65","2,310.00",25.5,11.95
NTPC,172.65,175.00,172.55,172.00,174.60,2.6,1.51,"43,62,408","75,71,83,156.56",182.95,134.95,10.12,-1.77
MARUTI,"8,622.70","8,719.50","8,606.00","8,589.55","8,706.95",117.4,1.37,"3,53,667","3,07,10,21,417.79","9,769.00","7,062.35",11.3,3.59
LT,"2,373.20","2,416.35","2,373.20","2,364.40","2,396.50",32.1,1.36,"10,20,129","2,44,50,45,187.20","2,416.35","1,456.35",39.55,9.25
TATASTEEL,108,110.05,108,107.95,109.40,1.45,1.34,"2,29,89,781","2,51,23,23,267.68",133.00,82.7,-91.51,3.3
WIPRO,389.00,392.15,387.45,385.00,389.75,4.75,1.23,"28,59,390","1,11,58,48,353.60",528.50,352.00,-24.33,5.41
BPCL,358.3,364.9,358,357.6,362,4.4,1.23,"18,62,665","67,32,60,264.25",372.7,288.05,-1.38,3.86
COALINDIA,233.2,236.5,233.1,233.1,235.7,2.6,1.12,"16,21,058","38,19,05,054.22",263.4,164.65,27.48,9.1
HDFCLIFE,530.00,535.50,529.55,529.75,535.45,5.7,1.08,"14,11,062","75,27,16,913.28",620.60,457.80,-9.04,6.12
BAJAJ-AUTO,"4,439.95","4,505.90","4,424.05","4,431.95","4,478.70",46.75,1.05,"2,66,358","1,19,23,19,624.04","4,505.90","3,460.00",18.83,14.09
SBILIFE,"1,147.00","1,158.25","1,144.35","1,140.10","1,150.00",9.9,0.87,"3,34,270","38,46,94,629.50","1,340.35","1,033.20",3.13,3.54
ICICIBANK,924,925.55,918.7,917.65,924.9,7.25,0.79,"52,69,961","4,85,82,71,646.68",958.2,669.95,23.46,4.61
RELIANCE,"2,436.20","2,445.00","2,428.10","2,420.50","2,437.90",17.4,0.72,"23,29,528","5,67,50,56,341.92","2,856.15","2,180.00",-13.25,3.84
POWERGRID,238.70,241.15,238.25,237.25,238.95,1.7,0.72,"20,41,928","48,97,36,011.52",248.35,186.35,4.17,5.12
HDFC,"2,791.50","2,804.00","2,781.00","2,775.60","2,793.85",18.25,0.66,"18,24,504","5,10,02,73,216.72","2,827.95","2,026.00",24.48,5.72
TATACONSUM,767.95,771.00,764.95,763.85,768.65,4.8,0.63,"4,02,387","30,91,61,979.84",861.15,686.60,-7.27,7.76
NESTLEIND,"21,800.00","22,099.00","21,765.00","21,761.40","21,878.00",116.6,0.54,"42,716","93,88,28,052.92","22,099.00","16,000.00",18.72,10.44
M&M,"1,230.00","1,237.80","1,217.50","1,226.90","1,232.05",5.15,0.42,"11,76,407","1,44,32,04,343.53","1,397.00",853.7,33.05,5.89
INDUSINDBK,"1,158.95","1,161.85","1,150.00","1,152.80","1,157.50",4.7,0.41,"8,64,951","1,00,11,54,833.97","1,275.80",763.20,17.81,7.95
HDFCBANK,"1,688.70","1,699.00","1,685.35","1,687.60","1,693.95",6.35,0.38,"51,57,829","8,73,93,22,301.02","1,720.00","1,271.60",21.88,4.85
HCLTECH,"1,064.10","1,074.80","1,064.00","1,064.10","1,067.95",3.85,0.36,"9,59,108","1,02,61,49,649.20","1,156.65",877.35,-1.4,-1.95
CIPLA,910.4,916,908.75,908.05,910,1.95,0.21,"5,99,708","54,72,39,547.08","1,185.25",852,-7.46,0.84
GRASIM,"1,720.30","1,728.85","1,715.55","1,720.30","1,723.55",3.25,0.19,"1,31,420","22,63,40,723.40","1,839.50","1,276.60",1.65,5.37
TCS,"3,235.00","3,235.00","3,210.00","3,219.25","3,222.35",3.1,0.1,"10,18,393","3,28,13,64,085.30","3,623.25","2,926.10",-9.23,0.42
ASIANPAINT,"2,910.95","2,933.70","2,902.50","2,902.35","2,904.20",1.85,0.06,"2,61,982","76,45,08,012.94","3,582.90","2,560.00",-10.34,5.09
DIVISLAB,"3,268.05","3,284.35","3,247.25","3,267.90","3,269.15",1.25,0.04,"1,29,155","42,24,95,710.65","4,640.80","2,730.00",-27.47,15.75
HINDUNILVR,"2,471.80","2,478.00","2,456.10","2,457.30","2,457.65",0.35,0.01,"6,21,993","1,53,49,54,325.40","2,741.60","2,100.00",9.95,-4.02
TITAN,"2,657.00","2,660.00","2,633.40","2,641.85","2,640.25",-1.6,-0.06,"2,26,178","59,84,30,799.52","2,791.00","1,825.05",7.47,5.05
APOLLOHOSP,"4,529.75","4,573.30","4,496.90","4,513.70","4,509.70",-4,-0.09,"1,89,293","85,75,38,934.46","4,901.95","3,361.55",1.33,4.7
BAJAJFINSV,"1,360.00","1,370.90","1,350.00","1,354.65","1,353.30",-1.35,-0.1,"6,89,648","93,58,52,336.00","1,844.00","1,072.72",-90.92,6.96
SBIN,580,580.85,576.35,578.3,577.15,-1.15,-0.2,"63,95,084","3,70,01,95,602.40",629.55,430.7,16.52,10.42
ITC,426.00,427.00,421.20,425.55,424.25,-1.3,-0.31,"47,32,493","2,00,74,28,880.74",428.25,249.15,63.96,10.96
DRREDDY,"4,903.40","4,958.95","4,903.40","4,929.85","4,914.70",-15.15,-0.31,"1,04,630","51,63,06,151.70","4,958.95","3,789.85",19.31,6.64
BAJFINANCE,"6,330.00","6,334.65","6,255.00","6,280.10","6,256.45",-23.65,-0.38,"3,76,787","2,36,97,37,782.71","7,778.00","5,220.00",-5.87,11.81
ADANIENT,"1,935.00","1,966.00","1,908.00","1,924.95","1,912.95",-12,-0.62,"24,90,879","4,82,12,20,848.45","4,190.00","1,017.45",-17.45,9.97
ADANIPORTS,683.80,685.90,672.60,681.30,675.85,-5.45,-0.8,"27,04,654","1,83,29,44,015.80",987.85,395.10,-20.45,7.82
BRITANNIA,"4,565.25","4,605.75","4,515.70","4,553.55","4,516.90",-36.65,-0.8,"1,21,977","55,79,05,721.22","4,669.20","3,156.90",38.86,5.35
SUNPHARMA,987.65,988.90,978.15,987.65,979.45,-8.2,-0.83,"6,58,051","64,68,97,035.55","1,072.15",789.90,6.35,0.46
BHARTIARTL,800.25,806.8,789.9,799.3,791.35,-7.95,-0.99,"33,73,617","2,69,51,48,885.13",860.55,628.75,8.16,6.72
ULTRACEMCO,"7,545.50","7,582.00","7,440.00","7,556.20","7,458.80",-97.4,-1.29,"2,82,405","2,11,69,44,592.65","7,824.00","5,157.05",13.97,-0.87
KOTAKBANK,"1,918.00","1,937.45","1,890.00","1,938.05","1,912.85",-25.2,-1.3,"21,13,335","4,05,32,49,729.90","1,997.55","1,631.00",8.23,11.84
TATAMOTORS,482.50,484.00,474.55,484.95,478.50,-6.45,-1.33,"62,24,121","2,98,03,58,099.64",494.40,366.20,10.82,15.24
HEROMOTOCO,"2,539.95","2,539.95","2,466.00","2,558.60","2,483.50",-75.1,-2.94,"5,13,808","1,28,32,14,927.68","2,938.60","2,246.00",2.07,9
BRITANNIA,"4,224.05","4,245.30","4,198.80","4,199.95","4,202.00",2.05,0.05,283787,"1,19,69,39,781.38","4,669.20","3,060.05",35.72,-5.46
HDFCLIFE,486.65,499.45,486.65,492.25,492.4,0.15,0.03,2412348,"1,19,40,64,013.04",620.6,457.8,-5.25,1.95
WIPRO,361.75,364,359.2,361.75,361.85,0.1,0.03,3113347,"1,12,75,60,882.99",614,359.2,-40.04,-8.02
MRF,"83,878.00","84,549.90","83,416.95","83,878.50","83,899.95",21.45,0.03,3643,"30,62,98,303.37","96,000.00","64,701.45",26.13,-3.37
INDIANB,266.5,273.9,263.55,269.95,270,0.05,0.02,975193,"26,18,00,312.78",310,137.05,81.24,-0.95
HDFCBANK,"1,562.20","1,579.45","1,558.90","1,560.65","1,560.70",0.05,-,15935991,"25,01,04,22,355.13","1,722.10","1,271.60",9.07,-1.78
PNB,45.5,46,45,45.5,45.5,-,-,42301700,"1,92,59,96,401.00",62,28.05,28.53,-4.31
INDUSTOWER,148.55,151.7,147,148.05,148.05,-,-,3273333,"48,99,85,216.77",230.9,135.15,-27.1,-13.52
SCHAEFFLER,"2,790.00","2,856.05","2,772.90","2,787.15","2,787.00",-0.15,-0.01,56385,"15,90,93,096.75","3,969.85","1,840.85",50.51,-4.98
FORTIS,252.25,261.2,251.1,254.85,254.8,-0.05,-0.02,1321236,"33,71,79,427.20",325,219.75,-7.55,-5.94
COALINDIA,208.5,210.2,207.6,208.45,208.4,-0.05,-0.02,4001504,"83,63,94,366.08",263.4,164.65,12.01,-3.96
SHREECEM,"25,450.00","25,805.90","25,331.60","25,511.65","25,500.00",-11.65,-0.05,37651,"96,50,37,299.12","27,049.00","17,865.20",9.68,0.39
PIIND,"2,945.00","2,960.00","2,910.05","2,934.10","2,932.75",-1.35,-0.05,97383,"28,59,73,943.97","3,698.45","2,364.55",4.96,-5.8
VOLTAS,822,829.5,812.55,821.7,821.1,-0.6,-0.07,551674,"45,40,05,635.04","1,347.65",737.2,-34.21,-8.21
COLPAL,"1,504.95","1,511.95","1,490.10","1,500.95","1,499.80",-1.15,-0.08,190364,"28,60,94,248.32","1,695.95","1,434.60",-1.17,2.49
DELHIVERY,323.65,333.7,323.35,323.65,323.4,-0.25,-0.08,1158602,"38,20,14,251.44",708,291,-,-7.57
TECHM,"1,090.10","1,113.65","1,090.10","1,101.95","1,101.00",-0.95,-0.09,1455289,"1,60,85,60,037.48","1,574.95",943.7,-28,-1.52
HEROMOTOCO,"2,319.95","2,330.90","2,296.55","2,313.35","2,310.70",-2.65,-0.11,238881,"55,30,66,846.44","2,938.60","2,150.00",-2.74,-6.93
RECLTD,115.15,115.9,113.8,115.15,115,-0.15,-0.13,4746210,"54,59,09,074.20",128.45,82.24,-7.32,1.9
BAJAJFINSV,"1,245.00","1,251.60","1,226.65","1,240.65","1,239.00",-1.65,-0.13,1553783,"1,92,83,69,005.64","1,844.00","1,072.72",-92.4,-8.71
LICHSGFIN,322.25,325.8,319.2,320.65,320.2,-0.45,-0.14,1385343,"44,71,19,453.25",443.6,291.75,-12.37,-8.53
MAXHEALTH,463.7,465.75,449.65,460.7,460,-0.7,-0.15,1234579,"56,62,64,349.93",482.8,330.25,34.63,6.74
ICICIPRULI,420.85,421.35,417,420.25,419.55,-0.7,-0.17,1111660,"46,63,96,953.00",608.75,380.7,-13.93,5.14
ICICIGI,"1,077.95","1,084.20","1,065.85","1,076.40","1,074.50",-1.9,-0.18,394553,"42,46,57,393.90","1,412.00","1,049.05",-14.95,-1.17
ZYDUSLIFE,475.25,486.6,475.05,480.7,479.7,-1,-0.21,841623,"40,68,99,471.81",488.3,319,33.84,3.05
JUBLFOOD,442,443.2,423.25,440.95,440,-0.95,-0.22,3497419,"1,51,76,70,000.86",652.35,412.1,-83.15,-0.27
HDFC,"2,565.00","2,579.40","2,551.10","2,559.90","2,554.05",-5.85,-0.23,2999428,"7,70,38,80,846.60","2,933.80","2,026.00",11.16,-0.67
ABB,"3,354.00","3,368.90","3,313.80","3,346.70","3,337.00",-9.7,-0.29,171753,"57,39,29,824.80","3,446.30","1,944.60",68.24,6.51
LTTS,"3,400.00","3,425.00","3,344.65","3,385.50","3,375.00",-10.5,-0.31,271046,"91,78,10,544.28","5,295.00","2,924.20",-31.31,-8.7
PGHH,"13,800.00","13,897.00","13,650.00","13,742.90","13,700.00",-42.9,-0.31,12841,"17,59,80,383.37","15,500.00","12,801.00",-7.35,0.17
OIL,247.1,252,245,250.8,250,-0.8,-0.32,937271,"23,26,40,034.91",306,167.85,6.88,3.15
YESBANK,15.1,15.3,15,15.05,15,-0.05,-0.33,131494386,"1,98,81,95,116.32",24.75,12.1,18.5,-6.81
WHIRLPOOL,"1,340.00","1,341.00","1,318.10","1,334.60","1,330.00",-4.6,-0.34,59918,"7,97,11,312.12","1,905.00","1,217.25",-16.15,1.03
AMBUJACEM,372.6,374.8,367.45,371.8,370.5,-1.3,-0.35,6286965,"2,33,07,03,664.80",598,288.5,24.85,7.69
POONAWALLA,280.8,282,275,279.1,278,-1.1,-0.39,1445634,"40,09,89,958.92",343.8,209.15,10.14,-5.29
ZEEL,211.15,215.9,210,211.75,210.9,-0.85,-0.4,5556656,"1,18,39,56,693.92",308.7,176.55,-28.24,8.28
BHARTIARTL,763,769.7,759.35,762.45,759.35,-3.1,-0.41,2258847,"1,72,81,76,074.29",860.55,628.75,7.49,0.71
BPCL,344.1,346.9,342.7,345.4,343.95,-1.45,-0.42,2122812,"73,30,49,439.84",398.8,288.05,-4.14,8.77
SANOFI,"5,675.00","5,675.40","5,622.40","5,660.40","5,635.00",-25.4,-0.45,18642,"10,52,61,866.58","7,929.45","5,202.10",-22.97,1.75
NESTLEIND,"19,000.00","19,127.80","18,815.05","18,953.10","18,863.90",-89.2,-0.47,35854,"68,07,15,797.58","21,050.00","16,000.00",10.44,1.46
COROMANDEL,880.9,887.85,871,881.25,877,-4.25,-0.48,208672,"18,39,90,275.84","1,094.00",780.1,11.02,-0.79
MSUMI,47.7,47.7,46.5,47.65,47.4,-0.25,-0.52,1468159,"6,91,50,288.90",71.15,40,-,-4.41
HATSUN,843.65,843.65,808,839.45,835,-4.45,-0.53,18595,"1,53,90,151.75","1,117.89",805.07,-25.34,-7.58
BOSCHLTD,"18,502.00","18,650.00","18,301.05","18,452.65","18,350.00",-102.65,-0.56,24228,"44,73,97,155.36","18,948.95","12,932.45",31.31,3.61
PETRONET,224,227.7,222,223.9,222.65,-1.25,-0.56,1918965,"43,10,37,918.30",239.8,191.3,14.5,0.99
ACC,"1,701.00","1,709.35","1,680.50","1,700.85","1,691.25",-9.6,-0.56,340488,"57,59,18,427.60","2,785.00","1,659.00",-17.6,-1.68
PIDILITIND,"2,356.00","2,370.00","2,335.70","2,364.55","2,350.05",-14.5,-0.61,190338,"44,73,09,527.04","2,918.95","1,988.55",-3.74,3.9
AJANTPHARM,"1,184.30","1,188.95","1,167.00","1,184.30","1,177.00",-7.3,-0.62,35428,"4,15,89,637.76","2,010.00","1,111.60",-37.48,1.08
SUNDRMFAST,984.5,988,972.1,984.5,978.2,-6.3,-0.64,91919,"9,00,04,327.23","1,033.80",673.05,7.44,0.73
ICICIBANK,854.95,856.4,844.05,852.4,846.9,-5.5,-0.65,17047637,"14,47,90,69,533.21",958.2,669.95,21.9,1.51
NATIONALUM,77,77.85,76.45,77.15,76.65,-0.5,-0.65,6292189,"48,58,82,834.58",132.4,66.95,-36.61,-1.47
TATACOMM,"1,226.15","1,229.90","1,211.00","1,223.20","1,215.00",-8.2,-0.67,217959,"26,62,65,253.17","1,430.60",856.25,4.87,1.72
RELAXO,810,811.7,790.85,814.05,808.4,-5.65,-0.69,133487,"10,67,64,237.47","1,179.15",748,-21.82,4.86
TATACONSUM,706.9,707.4,697.2,702.35,697.45,-4.9,-0.7,3695275,"2,60,67,57,843.25",861.15,686.6,-4.23,-1.93
LT,"2,175.05","2,190.00","2,150.00","2,166.15","2,150.90",-15.25,-0.7,1540559,"3,34,13,03,009.51","2,297.65","1,456.35",23.7,1.5
BAJAJ-AUTO,"3,834.95","3,844.30","3,800.00","3,827.90","3,800.00",-27.9,-0.73,198811,"75,94,61,996.22","4,131.75","3,460.00",4.75,-0.57
BHARATFORG,765,769.5,754.75,764.8,758.9,-5.9,-0.77,588859,"44,90,28,541.86",919.45,597,10.79,-7.74
CONCOR,580.6,586.25,571.75,583.25,578.7,-4.55,-0.78,688050,"39,88,62,585.00",828.75,554,-15.45,-1.82
LAURUSLABS,299.35,301.7,295,299.35,297,-2.35,-0.79,1724837,"51,49,32,837.98",626.3,295,-49.25,-5.54
LTIM,"4,620.00","4,663.45","4,550.00","4,601.45","4,565.00",-36.45,-0.79,249139,"1,14,61,93,866.18","5,107.75","4,121.00",-,-5.19
GSPL,270,274.6,267.1,270.75,268.6,-2.15,-0.79,289430,"7,82,50,294.80",298.4,209.45,2.62,-2.77
MPHASIS,"1,745.10","1,768.55","1,720.10","1,737.40","1,723.00",-14.4,-0.83,542879,"94,96,96,236.23","3,465.80","1,720.10",-47.02,-20.95
TATAELXSI,"6,005.00","6,029.80","5,942.00","6,000.70","5,949.00",-51.7,-0.86,90993,"54,32,05,461.75","10,760.00","5,709.05",-28.89,-7.86
BAYERCROP,"4,019.00","4,032.40","3,951.05","4,000.55","3,965.00",-35.55,-0.89,28573,"11,39,58,267.36","5,667.75","3,949.00",-13.83,-9.83
EICHERMOT,"2,913.60","2,929.00","2,871.00","2,909.60","2,883.40",-26.2,-0.9,375278,"1,08,60,73,295.90","3,889.65","2,310.00",24.51,-9.23
HINDPETRO,239.85,242.4,235.05,238.85,236.65,-2.2,-0.92,1445934,"34,60,84,302.90",306.7,200.05,-11.99,10.07
KAJARIACER,"1,031.00","1,045.00","1,019.00","1,035.55","1,026.00",-9.55,-0.92,99111,"10,15,95,712.77","1,282.65",898,4.8,-2.15
IGL,434,437.6,427.15,432.2,428.2,-4,-0.93,814615,"35,17,42,610.85",455,335.35,17.51,-1.38
BAJFINANCE,"5,698.00","5,725.00","5,584.55","5,649.25","5,596.40",-52.85,-0.94,1118715,"6,29,99,54,025.30","7,778.00","5,220.00",-18.99,-9.41
AXISBANK,841.05,842.2,829.2,839.9,832,-7.9,-0.94,10602332,"8,85,62,33,942.92",970,618.25,16.45,-1.35
ASTRAL,"1,329.95","1,345.95","1,317.15","1,333.55","1,321.00",-12.55,-0.94,288500,"38,50,92,685.00","1,991.15","1,186.19",-31.86,-28.57
TATAMOTORS,416,418.5,410.25,416.5,412.5,-4,-0.96,7433578,"3,07,30,41,145.20",494.4,366.2,-3.61,-2.63
KANSAINER,384.5,390.8,378.15,384.4,380.6,-3.8,-0.99,103855,"3,98,58,510.45",535.9,358.15,-15.38,-8.3
MOTHERSON,64.75,64.9,63.5,64.75,64.1,-0.65,-1,17434048,"1,11,68,25,114.88",97.53,61.8,-,-21.47
NTPC,172.65,173.95,170.7,172.7,170.95,-1.75,-1.01,12077397,"2,07,32,05,969.02",182.95,133.35,28.16,0.99
M&M,"1,141.50","1,150.60","1,125.50","1,150.80","1,139.00",-11.8,-1.03,2446015,"2,78,67,44,889.50","1,397.00",751.3,50.48,-10.11
GMRINFRA,38.75,38.85,38.25,38.75,38.35,-0.4,-1.03,16251092,"62,69,67,129.36",44.3,31.75,5.59,4.17
GODREJIND,410.8,410.9,402,408.75,404.5,-4.25,-1.04,123094,"4,99,25,695.46",550,398,-13.88,-2.52
L&TFH,82.15,83,80.65,82.2,81.3,-0.9,-1.09,5843446,"47,77,01,710.50",98.3,65.95,-1.2,-7.17
ADANIENT,"1,740.65","1,757.40","1,682.00","1,740.65","1,721.35",-19.3,-1.11,5052951,"8,70,74,97,810.75","4,190.00","1,017.45",-6.77,32.3
M&MFIN,220.9,222.15,215.65,220.5,218.05,-2.45,-1.11,2570036,"56,14,50,064.56",272,156.45,39.38,-14.15
GLAND,"1,288.60","1,329.80","1,233.30","1,282.20","1,267.95",-14.25,-1.11,994912,"1,28,59,43,658.24","3,559.40","1,130.00",-59.93,-0.47
BHEL,72.1,72.3,70.65,71.8,71,-0.8,-1.11,9250134,"65,95,34,554.20",91.55,41.4,39.01,4.97
POWERGRID,222.9,226.25,219.55,222.4,219.9,-2.5,-1.12,14987732,"3,34,76,59,819.52",248.35,186.35,6.08,3.42
LINDEINDIA,"3,973.95","3,996.90","3,925.00","3,969.85","3,925.00",-44.85,-1.13,30020,"11,88,33,569.60","4,190.00","2,710.00",14.82,2.54
SBICARD,718,725.7,715,723.55,715.3,-8.25,-1.14,965515,"69,48,52,180.05","1,028.65",655.7,-16.16,-3.05
SBILIFE,"1,109.70","1,116.60","1,095.10","1,112.20","1,099.40",-12.8,-1.15,1078973,"1,19,47,79,172.09","1,340.35","1,033.20",1.79,-0.88
BATAINDIA,"1,420.15","1,420.40","1,383.70","1,416.40","1,400.00",-16.4,-1.16,276548,"38,67,16,426.76","2,039.75","1,381.05",-26.79,-0.28
PATANJALI,900,912.9,878,904.65,894,-10.65,-1.18,266150,"23,81,32,389.50","1,495.00",714.5,-,-0.14
ZOMATO,50.7,51.3,49.25,50.65,50.05,-0.6,-1.18,49616012,"2,50,06,47,004.80",88.7,40.6,-37.16,-6.98
ZFCVINDIA,"10,098.35","10,107.95","9,883.30","10,122.25","9,999.00",-123.25,-1.22,4368,"4,35,87,398.40","10,924.05","6,876.50",-,-2.14
FEDERALBNK,126.85,127.2,125,126.85,125.3,-1.55,-1.22,6548706,"82,65,77,671.32",143.4,82.5,30.1,-0.24
INDIGO,"1,867.15","1,880.05","1,826.05","1,865.20","1,842.00",-23.2,-1.24,382151,"70,68,30,311.11","2,180.00","1,511.75",-3.88,0.64
GUJGASLTD,481,487.4,476.25,482.4,476.25,-6.15,-1.27,329426,"15,84,63,788.78",583.75,403.55,-1.96,-4.93
MANYAVAR,"1,110.00","1,113.45","1,087.55","1,110.40","1,096.00",-14.4,-1.3,49625,"5,46,26,207.50","1,501.55",888.7,19.31,-4.51
SIEMENS,"3,333.45","3,355.55","3,276.55","3,333.45","3,288.90",-44.55,-1.34,284712,"94,45,94,696.64","3,355.55","2,150.10",46.6,2.68
POLYCAB,"2,825.00","2,847.95","2,772.65","2,818.60","2,780.15",-38.45,-1.36,378258,"1,06,26,36,416.82","3,143.40","2,043.85",15.19,-8.27
PFIZER,"3,523.15","3,525.00","3,470.05","3,523.20","3,475.00",-48.2,-1.37,12488,"4,36,44,061.44","4,660.00","3,470.05",-19.95,-7.47
GLAXO,"1,281.60","1,289.75","1,262.50","1,288.45","1,270.80",-17.65,-1.37,23853,"3,03,78,465.21","1,734.00","1,231.00",-16.44,-1.82
DMART,"3,367.00","3,369.00","3,300.30","3,358.40","3,312.00",-46.4,-1.38,211470,"70,35,26,854.80","4,609.00","3,186.00",-16.07,-4.02
NHPC,39.5,39.7,38.75,39.6,39.05,-0.55,-1.39,11322936,"44,27,26,797.60",46.9,27.05,45.32,2.59
HAVELLS,"1,181.05","1,189.35","1,162.30","1,181.45","1,165.00",-16.45,-1.39,269386,"31,69,54,179.88","1,405.55","1,024.50",2.86,0.05
BALKRISIND,"1,915.35","1,976.95","1,908.90","1,967.65","1,940.00",-27.65,-1.41,258066,"50,16,15,787.50","2,450.00","1,796.30",-4,-3.95
STARHEALTH,545,552,537,550.05,542,-8.05,-1.46,731431,"39,83,37,322.60",780,469.05,-22.46,-2.59
GICRE,134.15,134.2,132.15,134.2,132.2,-2,-1.49,302541,"4,02,68,207.10",204,105,16.29,-7.99
UBL,"1,438.40","1,444.15","1,411.00","1,436.75","1,415.05",-21.7,-1.51,159921,"22,77,43,496.10","1,806.45","1,380.00",-0.85,0.38
ABFRL,211.8,211.8,207.65,211.9,208.65,-3.25,-1.53,1164911,"24,36,87,732.09",359.5,207.65,-27.89,-7.81
HONAUT,"35,800.00","36,087.95","35,158.15","35,775.65","35,225.75",-549.9,-1.54,6816,"24,28,77,595.20","44,347.15","30,185.35",-6.87,-1.03
APLAPOLLO,"1,216.75","1,216.75","1,185.60","1,208.95","1,190.25",-18.7,-1.55,297770,"35,70,50,051.60","1,337.90",801,34.3,-1.12
DLF,355.2,357.45,347.45,354.25,348.75,-5.5,-1.55,2815052,"99,13,48,712.32",418.5,294.7,-2.97,2.37
NAVINFLUOR,"4,248.70","4,268.95","4,167.05","4,241.85","4,175.95",-65.9,-1.55,56968,"24,01,88,481.60","4,848.35","3,432.85",6.74,0.51
SAIL,82.1,82.9,80.9,82.35,81.05,-1.3,-1.58,11697794,"95,64,11,637.44",112.35,63.6,-20.13,-0.72
ENDURANCE,"1,215.60","1,219.35","1,180.00","1,209.20","1,190.00",-19.2,-1.59,145026,"17,26,37,500.14","1,565.00","1,047.20",1.68,-7.01
COFORGE,"3,666.00","3,723.00","3,622.95","3,700.50","3,641.40",-59.1,-1.6,272922,"1,00,15,25,488.08","4,605.00","3,210.05",-16.34,-15.47
CHOLAFIN,727.65,729.95,709.9,727.65,715.95,-11.7,-1.61,1826030,"1,30,78,02,686.00",817.75,600,-0.63,-4.61
HAPPSTMNDS,799,802.9,780,796.85,784,-12.85,-1.61,218560,"17,24,43,840.00","1,179.40",780,-28.65,-7.47
INDHOTEL,310.45,311.8,303,310.45,305.25,-5.2,-1.67,2877301,"87,83,53,676.27",349,207.25,36.37,0.27
SUNDARMFIN,"2,289.80","2,294.35","2,232.60","2,282.95","2,244.10",-38.85,-1.7,28696,"6,47,23,828.00","2,530.90","1,555.00",19.46,-0.8
ADANIPORTS,638,644.85,625.5,638,626.85,-11.15,-1.75,5620641,"3,55,70,22,656.85",987.85,395.1,-14.16,14.15
AFFLE,950,951.9,930,950.1,933.4,-16.7,-1.76,104908,"9,84,99,170.28","1,369.00",871.55,-21.4,-4.04
SHRIRAMFIN,"1,232.00","1,233.00","1,205.65","1,233.20","1,211.00",-22.2,-1.8,389646,"47,33,18,582.04","1,509.00","1,047.10",-,1.21
GODREJPROP,"1,043.35","1,043.35","1,015.00","1,044.85","1,025.00",-19.85,-1.9,604962,"62,07,51,508.20","1,715.15","1,015.00",-35.62,-3.3
IOC,78,78.4,76.75,78.4,76.9,-1.5,-1.91,4844502,"37,64,17,805.40",90.7,65.2,-34.01,1.36
BANKINDIA,70.85,71.5,67.6,70.35,68.95,-1.4,-1.99,11732093,"80,77,54,603.05",103.5,40.4,50.32,0.36
IDFCFIRSTB,53.85,54,52.8,54.1,53,-1.1,-2.03,21899509,"1,16,89,95,790.42",64.3,28.95,35.93,-0.37
SUPREMEIND,"2,506.00","2,515.00","2,431.15","2,506.00","2,455.00",-51,-2.04,103351,"25,43,66,447.69","2,855.30","1,666.25",25.1,-8.1
VINATIORGA,"1,767.00","1,789.70","1,710.00","1,767.95","1,730.95",-37,-2.09,24226,"4,24,90,223.66","2,377.00","1,692.55",-9.42,-4.78
CUMMINSIND,"1,619.00","1,625.00","1,580.95","1,622.15","1,587.75",-34.4,-2.12,560710,"89,66,48,182.30","1,706.95",947.1,49.32,3.24
CLEAN,"1,324.35","1,324.35","1,280.10","1,315.25","1,287.00",-28.25,-2.15,87522,"11,34,90,652.62","2,086.00","1,280.10",-33.92,-6.17
SOLARINDS,"3,857.15","3,866.95","3,726.50","3,837.60","3,755.00",-82.6,-2.15,23301,"8,79,91,566.30","4,538.00","2,478.45",45.35,0.91
MCDOWELL-N,765,765.75,746,763.75,746.95,-16.8,-2.2,530246,"40,03,88,754.60",951.8,712,-13.91,2.74
NIACL,100.4,100.8,98,100.35,98.1,-2.25,-2.24,279635,"2,76,92,254.05",142.35,78.15,-11.08,0.45
NAM-INDIA,205,205.7,200,206.1,201.4,-4.7,-2.28,536802,"10,87,77,557.28",357.1,200,-40.34,-6.32
SUNTV,420,420.65,408.15,418.65,409,-9.65,-2.31,473510,"19,60,09,464.50",568.5,402.55,-10.49,-3.34
ASHOKLEY,137,137.2,133.4,137.65,134.3,-3.35,-2.43,8382806,"1,13,02,53,732.98",169.45,110.25,21.22,-2.58
UNIONBANK,63.5,63.85,61.55,63.4,61.85,-1.55,-2.44,5843982,"36,67,09,870.50",96.4,33.5,65.1,-5.16
SKFINDIA,"4,191.00","4,211.95","4,033.10","4,191.45","4,088.00",-103.45,-2.47,31008,"12,68,41,324.80","5,175.00","2,981.30",24.91,-7.14
THERMAX,"2,238.00","2,244.90","2,156.20","2,240.55","2,185.00",-55.55,-2.48,44934,"9,84,90,385.26","2,679.00","1,830.65",12.26,4.3
TIINDIA,"2,567.85","2,574.65","2,468.00","2,551.40","2,488.00",-63.4,-2.48,87693,"22,13,43,270.51","3,046.20","1,457.60",59.59,0.01
NYKAA,134.75,136.4,132.7,137.65,134.2,-3.45,-2.51,13714817,"1,83,97,05,552.38",315.44,120.7,-91.38,-3.17
IRFC,26.6,26.9,25.75,26.55,25.85,-0.7,-2.64,14676050,"38,34,85,186.50",37.1,19.3,20.14,-4.67
ISEC,433.7,434,419.1,433.7,422,-11.7,-2.7,331489,"14,08,49,676.10",653.7,408.4,-30.19,-8.34
OBEROIRLTY,844.95,845.95,821,844.1,821.15,-22.95,-2.72,265162,"22,04,13,260.88","1,088.95",725.95,-8.33,-0.14
DIXON,"2,881.45","2,894.45","2,788.15","2,881.40","2,800.00",-81.4,-2.83,201378,"57,24,63,281.94","4,690.00","2,553.00",-32.65,3.02
BANDHANBNK,204,205.75,196.8,203.1,197.35,-5.75,-2.83,7023715,"1,40,87,46,517.55",349.55,196.8,-32.29,-11.23
PRESTIGE,413.65,413.65,401,413.65,401.8,-11.85,-2.86,429884,"17,42,57,778.24",526.45,379,-12.96,3.46
FLUOROCHEM,"3,045.25","3,056.00","2,941.00","3,050.35","2,960.00",-90.35,-2.96,56282,"16,81,89,189.06","4,173.95","2,112.25",-,-0.5
IDEA,6.25,6.3,6,6.25,6.05,-0.2,-3.2,73442237,"44,94,66,490.44",11.55,6,-38.12,-7.41
LICI,560.1,562.65,539.1,560,541.8,-18.2,-3.25,1740626,"95,92,41,582.34",918.95,539.1,-,-4.21
ALKYLAMINE,"2,301.95","2,301.95","2,200.00","2,295.30","2,220.00",-75.3,-3.28,27225,"6,14,71,327.50","3,455.60","2,200.00",-20,-8.65
TATAPOWER,192.9,194,184.45,192.75,186.3,-6.45,-3.35,22247210,"4,18,33,65,368.40",298.05,184.45,-20.14,-4.72
TORNTPOWER,505.5,505.95,484.2,502.9,486.05,-16.85,-3.35,648978,"31,84,59,994.38",610,415.25,3.49,1.25
RAJESHEXPO,623.8,625,600,623.9,602.5,-21.4,-3.43,211373,"12,93,32,797.51","1,029.70",518.5,-8.89,-10.06
IRCTC,598.05,599.95,576.7,600.05,578.5,-21.55,-3.59,1428872,"84,13,62,699.76",840.95,557,-22.08,-1.28
AAVAS,"1,679.80","1,687.80","1,615.00","1,682.90","1,620.00",-62.9,-3.74,98079,"16,00,37,465.88","2,634.95","1,614.65",-23.44,-11.66
KPRMILL,574.55,577.15,552.6,574.55,553,-21.55,-3.75,93550,"5,26,78,005.00",710,479.45,-10.92,-5.46
EMAMILTD,365,367.95,340.6,362.55,347.9,-14.65,-4.04,395100,"14,06,83,257.00",524,340.55,-19.33,-5.07
SUMICHEM,419,423.5,397.6,422.1,404.8,-17.3,-4.1,238628,"9,79,59,180.28",540.8,394.55,3.7,-5.46
LODHA,827,832.7,785.6,826.1,792,-34.1,-4.13,418212,"33,35,40,798.48","1,221.90",711,-23.32,14.8
JSWENERGY,237.85,238.75,225.05,236.7,226.5,-10.2,-4.31,1022177,"23,52,23,371.24",369,182.05,-,11.78
TTML,55.95,55.95,52.5,55.25,52.55,-2.7,-4.89,2332888,"12,45,06,232.56",210.4,52.1,-,-4
AWL,409,411.8,387.35,407.7,387.35,-20.35,-4.99,2781807,"1,09,53,64,324.32",878,327.25,-2.75,12.45
ADANITRANS,"1,150.00","1,168.30","1,068.35","1,124.55","1,068.35",-56.2,-5,1909803,"2,10,17,00,005.44","4,236.75",631.5,-54.08,57.88
ATGL,"1,027.60","1,040.00",957.1,"1,007.45",957.1,-50.35,-5,2103464,"2,08,07,25,554.16","4,000.00",650,-50.97,34.01
ADANIGREEN,"1,060.00","1,074.50",977.9,"1,029.35",977.9,-51.45,-5,7656304,"7,82,21,39,544.64","3,050.00",439.1,-46.42,111.58
IEX,142.95,143,133.5,142.95,134,-8.95,-6.26,7583042,"1,04,06,20,853.66",251.5,129.25,-37.55,-0.63
TRIDENT,27.1,27.3,25.05,27.1,25.35,-1.75,-6.46,15610426,"40,29,05,095.06",57.4,25.05,-,-11.87
