Symbol,entry date,Entry Point,exit date,Exit Point,Stop Loss,Wins,Losses,Profit/loss
TECHM.NS,2021-02-19,993.9500122070312,2021-03-26,991.0,1044.846024169922,0,1,-2.95001220703125
TECHM.NS,2021-05-10,990.5,2021-06-03,1014.3499755859375,1044.846024169922,1,1,20.89996337890625
TECHM.NS,2021-10-25,1524.0999755859375,2021-10-26,1563.300048828125,1044.846024169922,2,1,60.10003662109375
TECHM.NS,2022-02-01,1505.75,2022-03-30,1496.300048828125,1044.846024169922,2,2,50.65008544921875
TECHM.NS,2022-04-22,1306.5,2022-08-12,1065.9000244140625,1044.846024169922,2,3,-189.94989013671875
TECHM.NS,2022-10-06,1031.300048828125,2022-11-15,1066.949951171875,1044.846024169922,3,3,-154.29998779296875
TECHM.NS,2022-12-26,1001.0,2023-02-10,1017.3499755859375,1044.846024169922,4,3,-137.95001220703125
INFY.NS,2021-02-25,1274.550048828125,2021-03-15,1373.5999755859375,1259.428524169922,1,0,99.0499267578125
INFY.NS,2021-05-12,1327.0,2021-06-09,1415.300048828125,1259.428524169922,2,0,187.3499755859375
INFY.NS,2022-02-08,1717.300048828125,2022-03-22,1887.4000244140625,1259.428524169922,3,0,357.449951171875
INFY.NS,2022-04-25,1561.0999755859375,2022-07-20,1515.300048828125,1259.428524169922,3,1,311.6500244140625
INFY.NS,2022-09-14,1475.4000244140625,2022-10-31,1537.6500244140625,1259.428524169922,4,1,373.9000244140625
INFY.NS,2022-12-29,1517.550048828125,2023-02-09,1617.0,1259.428524169922,5,1,473.3499755859375
NTPC.NS,2020-07-15,88.05000305175781,2020-08-26,102.80000305175781,172.80450302124024,1,0,14.75
NTPC.NS,2020-09-25,84.80000305175781,2020-11-13,91.44999694824219,172.80450302124024,2,0,21.399993896484375
NTPC.NS,2021-01-29,88.94999694824219,2021-02-25,108.0,172.80450302124024,3,0,40.44999694824219
NTPC.NS,2021-04-20,99.05000305175781,2021-05-20,111.75,172.80450302124024,4,0,53.149993896484375
NTPC.NS,2021-08-17,117.4000015258789,2021-09-23,126.19999694824219,172.80450302124024,5,0,61.949989318847656
NTPC.NS,2021-11-25,135.1999969482422,2022-01-19,134.8000030517578,172.80450302124024,5,1,61.54999542236328
NTPC.NS,2022-03-07,130.0500030517578,2022-04-05,149.10000610351562,172.80450302124024,6,1,80.5999984741211
NTPC.NS,2022-06-07,157.25,2022-08-01,156.5,172.80450302124024,6,2,79.8499984741211
NTPC.NS,2022-10-20,166.9499969482422,2022-10-28,174.0500030517578,172.80450302124024,7,2,86.95000457763672
NTPC.NS,2022-12-26,165.64999389648438,2023-02-23,169.60000610351562,172.80450302124024,8,2,90.90001678466797
TATASTEEL.NS,2020-09-29,37.005001068115234,2020-11-05,42.54999923706055,108.25649848937988,1,0,5.5449981689453125
TATASTEEL.NS,2021-09-28,128.09500122070312,2022-01-20,120.66999816894531,108.25649848937988,1,1,-1.8800048828125
TATASTEEL.NS,2022-05-10,116.48999786376953,2022-08-04,107.69999694824219,108.25649848937988,1,2,-10.670005798339844
TATASTEEL.NS,2022-09-29,96.8499984741211,2022-11-16,106.55000305175781,108.25649848937988,2,2,-0.970001220703125
WIPRO.NS,2021-03-10,426.70001220703125,2021-04-20,470.1000061035156,385.75349395751954,1,0,43.399993896484375
WIPRO.NS,2021-11-17,661.7999877929688,2021-12-29,703.7000122070312,385.75349395751954,2,0,85.30001831054688
WIPRO.NS,2022-01-28,552.1500244140625,2022-03-28,600.2000122070312,385.75349395751954,3,0,133.35000610351562
WIPRO.NS,2022-04-25,529.3499755859375,2022-08-18,435.04998779296875,385.75349395751954,3,1,39.050018310546875
WIPRO.NS,2022-09-13,422.6499938964844,2022-11-29,405.1499938964844,385.75349395751954,3,2,21.550018310546875
WIPRO.NS,2023-01-02,393.04998779296875,2023-01-30,402.25,385.75349395751954,4,2,30.750030517578125
M&M.NS,2020-10-05,607.0,2020-10-08,634.1500244140625,1219.7295483398436,1,0,27.1500244140625
M&M.NS,2020-10-15,617.2999877929688,2020-11-19,703.9000244140625,1219.7295483398436,2,0,113.75006103515625
M&M.NS,2021-03-25,791.7000122070312,2021-06-03,802.0499877929688,1219.7295483398436,3,0,124.10003662109375
M&M.NS,2021-07-09,771.5499877929688,2021-08-30,791.5499877929688,1219.7295483398436,4,0,144.10003662109375
M&M.NS,2021-09-15,755.0999755859375,2021-10-04,841.1500244140625,1219.7295483398436,5,0,230.15008544921875
M&M.NS,2021-12-10,859.7000122070312,2022-01-25,854.5,1219.7295483398436,5,1,224.9500732421875
M&M.NS,2022-02-25,807.5999755859375,2022-04-13,866.0999755859375,1219.7295483398436,6,1,283.4500732421875
M&M.NS,2022-10-11,1229.550048828125,2022-11-07,1351.300048828125,1219.7295483398436,7,1,405.2000732421875
M&M.NS,2022-12-06,1263.050048828125,2023-01-17,1320.8499755859375,1219.7295483398436,8,1,463.0
HCLTECH.NS,2020-11-20,819.25,2020-12-15,886.0,1057.4189758300781,1,0,66.75
HCLTECH.NS,2021-02-22,920.1500244140625,2021-03-25,957.0499877929688,1057.4189758300781,2,0,103.64996337890625
HCLTECH.NS,2021-05-06,916.0,2021-06-17,986.4000244140625,1057.4189758300781,3,0,174.04998779296875
HCLTECH.NS,2021-11-02,1170.6500244140625,2021-12-24,1265.199951171875,1057.4189758300781,4,0,268.59991455078125
HCLTECH.NS,2022-02-04,1163.800048828125,2022-03-28,1163.949951171875,1057.4189758300781,5,0,268.74981689453125
HCLTECH.NS,2022-04-19,1070.25,2022-08-25,943.7999877929688,1057.4189758300781,5,1,142.2998046875
HCLTECH.NS,2022-09-15,919.9000244140625,2022-10-19,995.6500244140625,1057.4189758300781,6,1,218.0498046875
HCLTECH.NS,2022-12-28,1035.449951171875,2023-01-27,1115.5999755859375,1057.4189758300781,7,1,298.1998291015625
CIPLA.NS,2020-11-13,744.6500244140625,2020-12-21,778.5,901.0485241699218,1,0,33.8499755859375
CIPLA.NS,2021-03-03,812.5,2021-04-16,938.0499877929688,901.0485241699218,2,0,159.39996337890625
CIPLA.NS,2021-07-30,920.0499877929688,2021-09-17,954.0499877929688,901.0485241699218,3,0,193.39996337890625
CIPLA.NS,2021-10-25,901.8499755859375,2022-01-11,915.9500122070312,901.0485241699218,4,0,207.5
CIPLA.NS,2022-05-09,938.2999877929688,2022-08-01,1004.5499877929688,901.0485241699218,5,0,273.75
TCS.NS,2021-03-02,3006.35009765625,2021-04-07,3271.39990234375,3190.77,1,0,265.0498046875
TCS.NS,2021-05-17,3069.75,2021-06-14,3276.35009765625,3190.77,2,0,471.64990234375
TCS.NS,2021-07-30,3167.449951171875,2021-08-16,3472.949951171875,3190.77,3,0,777.14990234375
TCS.NS,2021-10-25,3492.949951171875,2021-12-20,3556.89990234375,3190.77,4,0,841.099853515625
TCS.NS,2022-02-21,3719.39990234375,2022-04-06,3755.35009765625,3190.77,5,0,877.050048828125
TCS.NS,2022-04-29,3546.699951171875,2022-08-16,3392.699951171875,3190.77,5,1,723.050048828125
TCS.NS,2022-09-14,3120.39990234375,2022-11-02,3241.699951171875,3190.77,6,1,844.35009765625
TCS.NS,2023-01-02,3261.449951171875,2023-01-25,3429.75,3190.77,7,1,1012.650146484375
APOLLOHOSP.NS,2021-10-14,4328.39990234375,2021-11-22,5419.5,4463.613193359375,1,0,1091.10009765625
APOLLOHOSP.NS,2022-01-05,4973.25,2022-03-16,4943.64990234375,4463.613193359375,1,1,1061.5
APOLLOHOSP.NS,2022-04-18,4554.5,2022-07-08,3936.14990234375,4463.613193359375,1,2,443.14990234375
APOLLOHOSP.NS,2022-10-21,4389.0498046875,2022-10-24,4410.14990234375,4463.613193359375,2,2,464.25
APOLLOHOSP.NS,2023-01-09,4407.7001953125,2023-03-02,4402.2001953125,4463.613193359375,2,3,458.75
BAJAJFINSV.NS,2020-09-10,612.9249877929688,2020-11-12,702.6199951171875,1339.7670483398438,1,0,89.69500732421875
BAJAJFINSV.NS,2021-03-31,966.8599853515625,2021-04-30,1104.1650390625,1339.7670483398438,2,0,227.00006103515625
BAJAJFINSV.NS,2021-11-25,1736.885009765625,2022-01-20,1725.89501953125,1339.7670483398438,2,1,216.01007080078125
BAJAJFINSV.NS,2022-02-07,1571.135009765625,2022-04-04,1719.635009765625,1339.7670483398438,3,1,364.51007080078125
BAJAJFINSV.NS,2022-05-02,1495.7449951171875,2022-07-28,1464.2049560546875,1339.7670483398438,3,2,332.97003173828125
BAJFINANCE.NS,2020-09-30,3278.60009765625,2020-11-10,4208.5498046875,6195.716806640625,1,0,929.94970703125
BAJFINANCE.NS,2021-02-01,5058.60009765625,2021-02-09,5400.2998046875,6195.716806640625,2,0,1271.6494140625
BAJFINANCE.NS,2021-04-06,4993.10009765625,2021-05-18,5688.75,6195.716806640625,3,0,1967.29931640625
BAJFINANCE.NS,2021-11-12,7579.10009765625,2022-01-17,7852.60009765625,6195.716806640625,4,0,2240.79931640625
BAJFINANCE.NS,2022-02-14,6785.9501953125,2022-04-06,7346.9501953125,6195.716806640625,5,0,2801.79931640625
BAJFINANCE.NS,2022-05-10,5928.4501953125,2022-07-20,6074.39990234375,6195.716806640625,6,0,2947.7490234375
BAJFINANCE.NS,2022-10-24,7206.5,2023-02-24,6236.25,6195.716806640625,6,1,1977.4990234375
BRITANNIA.NS,2020-09-14,3719.5,2020-12-14,3776.949951171875,4471.631806640625,1,0,57.449951171875
BRITANNIA.NS,2021-01-18,3607.85009765625,2021-03-31,3625.050048828125,4471.631806640625,2,0,74.64990234375
BRITANNIA.NS,2021-05-14,3501.449951171875,2021-06-23,3659.300048828125,4471.631806640625,3,0,232.5
BRITANNIA.NS,2021-07-23,3439.800048828125,2021-08-20,3895.949951171875,4471.631806640625,4,0,688.64990234375
BRITANNIA.NS,2021-10-21,3714.35009765625,2022-01-13,3749.050048828125,4471.631806640625,5,0,723.349853515625
BRITANNIA.NS,2022-02-10,3534.550048828125,2022-04-28,3357.89990234375,4471.631806640625,5,1,546.69970703125
BRITANNIA.NS,2022-09-01,3718.14990234375,2022-10-04,3818.14990234375,4471.631806640625,6,1,646.69970703125
BRITANNIA.NS,2023-01-24,4396.0498046875,2023-02-03,4628.85009765625,4471.631806640625,7,1,879.5
BRITANNIA.NS,2020-09-14,3719.5,2020-12-14,3776.949951171875,4471.631806640625,1,0,57.449951171875
BRITANNIA.NS,2021-01-18,3607.85009765625,2021-03-31,3625.050048828125,4471.631806640625,2,0,74.64990234375
BRITANNIA.NS,2021-05-14,3501.449951171875,2021-06-23,3659.300048828125,4471.631806640625,3,0,232.5
BRITANNIA.NS,2021-07-23,3439.800048828125,2021-08-20,3895.949951171875,4471.631806640625,4,0,688.64990234375
BRITANNIA.NS,2021-10-21,3714.35009765625,2022-01-13,3749.050048828125,4471.631806640625,5,0,723.349853515625
BRITANNIA.NS,2022-02-10,3534.550048828125,2022-04-28,3357.89990234375,4471.631806640625,5,1,546.69970703125
BRITANNIA.NS,2022-09-01,3718.14990234375,2022-10-04,3818.14990234375,4471.631806640625,6,1,646.69970703125
BRITANNIA.NS,2023-01-24,4396.0498046875,2023-02-03,4628.85009765625,4471.631806640625,7,1,879.5
WIPRO.NS,2021-03-10,426.70001220703125,2021-04-20,470.1000061035156,385.75349395751954,1,0,43.399993896484375
WIPRO.NS,2021-11-17,661.7999877929688,2021-12-29,703.7000122070312,385.75349395751954,2,0,85.30001831054688
WIPRO.NS,2022-01-28,552.1500244140625,2022-03-28,600.2000122070312,385.75349395751954,3,0,133.35000610351562
WIPRO.NS,2022-04-25,529.3499755859375,2022-08-18,435.04998779296875,385.75349395751954,3,1,39.050018310546875
WIPRO.NS,2022-09-13,422.6499938964844,2022-11-29,405.1499938964844,385.75349395751954,3,2,21.550018310546875
WIPRO.NS,2023-01-02,393.04998779296875,2023-01-30,402.25,385.75349395751954,4,2,30.750030517578125
PNB.NS,2020-08-05,32.599998474121094,2020-09-04,33.650001525878906,52.2225,1,0,1.0500030517578125
PNB.NS,2020-09-24,28.049999237060547,2020-11-25,31.350000381469727,52.2225,2,0,4.350004196166992
PNB.NS,2021-04-06,37.04999923706055,2021-05-26,39.25,52.2225,3,0,6.550004959106445
PNB.NS,2021-07-27,39.150001525878906,2021-09-29,39.650001525878906,52.2225,4,0,7.050004959106445
PNB.NS,2021-11-29,37.599998474121094,2022-01-25,39.400001525878906,52.2225,5,0,8.850008010864258
PNB.NS,2022-03-02,35.349998474121094,2022-04-27,35.400001525878906,52.2225,6,0,8.90001106262207
PNB.NS,2022-05-09,33.5,2022-07-20,31.399999618530273,52.2225,6,1,6.800010681152344
INDUSTOWER.NS,2020-07-21,198.85000610351562,2020-09-09,210.4499969482422,155.97450302124022,1,0,11.599990844726562
INDUSTOWER.NS,2020-09-30,175.3000030517578,2020-11-24,218.89999389648438,155.97450302124022,2,0,55.199981689453125
INDUSTOWER.NS,2021-02-16,247.14999389648438,2021-02-22,266.3500061035156,155.97450302124022,3,0,74.39999389648438
INDUSTOWER.NS,2021-04-12,242.89999389648438,2021-05-12,251.64999389648438,155.97450302124022,4,0,83.14999389648438
INDUSTOWER.NS,2021-05-18,242.60000610351562,2021-09-15,244.5500030517578,155.97450302124022,5,0,85.09999084472656
INDUSTOWER.NS,2021-11-22,291.95001220703125,2022-06-24,216.10000610351562,155.97450302124022,5,1,9.249984741210938
INDUSTOWER.NS,2022-08-18,199.14999389648438,2022-11-28,203.3000030517578,155.97450302124022,6,1,13.399993896484375
FORTIS.NS,2020-09-17,134.6999969482422,2020-11-23,142.3000030517578,259.33051208496096,1,0,7.600006103515625
FORTIS.NS,2021-10-19,255.85000610351562,2021-11-29,288.25,259.33051208496096,2,0,40.0
FORTIS.NS,2022-02-01,275.45001220703125,2022-03-31,290.3999938964844,259.33051208496096,3,0,54.949981689453125
FORTIS.NS,2022-05-12,237.85000610351562,2022-07-15,261.54998779296875,259.33051208496096,4,0,78.64996337890625
FORTIS.NS,2022-10-07,275.20001220703125,2022-11-17,285.3500061035156,259.33051208496096,5,0,88.79995727539062
SHREECEM.NS,2020-08-05,22103.900390625,2020-10-23,20521.150390625,23769.9,0,1,-1582.75
SHREECEM.NS,2021-01-29,22773.349609375,2021-02-01,24543.599609375,23769.9,1,1,187.5
SHREECEM.NS,2021-05-14,26713.599609375,2021-06-23,28867.19921875,23769.9,2,1,2341.099609375
SHREECEM.NS,2021-07-22,28080.0,2021-08-04,29133.150390625,23769.9,3,1,3394.25
SHREECEM.NS,2021-08-12,26593.0,2021-09-13,30663.349609375,23769.9,4,1,7464.599609375
SHREECEM.NS,2021-10-22,27738.19921875,2022-01-19,26402.25,23769.9,4,2,6128.650390625
SHREECEM.NS,2022-01-31,24267.099609375,2022-04-12,25122.650390625,23769.9,5,2,6984.201171875
SHREECEM.NS,2022-05-23,21941.69921875,2022-07-28,20415.44921875,23769.9,5,3,5457.951171875
SHREECEM.NS,2022-10-12,21012.150390625,2022-11-15,23203.5,23769.9,6,3,7649.30078125
SHREECEM.NS,2023-01-25,22146.80078125,2023-02-20,26512.900390625,23769.9,7,3,12015.400390625
VOLTAS.NS,2021-04-06,974.75,2021-05-27,996.3499755859375,793.0394879150391,1,0,21.5999755859375
VOLTAS.NS,2021-07-20,1026.75,2021-08-06,1047.9000244140625,793.0394879150391,2,0,42.75
VOLTAS.NS,2021-08-10,998.2000122070312,2021-09-09,1213.0999755859375,793.0394879150391,3,0,257.64996337890625
VOLTAS.NS,2021-11-16,1231.6500244140625,2021-12-30,1198.800048828125,793.0394879150391,3,1,224.79998779296875
VOLTAS.NS,2021-12-31,1219.1500244140625,2022-01-14,1303.6500244140625,793.0394879150391,4,1,309.29998779296875
VOLTAS.NS,2022-02-10,1238.75,2022-03-24,1276.199951171875,793.0394879150391,5,1,346.74993896484375
VOLTAS.NS,2022-05-09,1046.6500244140625,2022-08-02,999.5999755859375,793.0394879150391,5,2,299.69989013671875
VOLTAS.NS,2022-09-14,955.3499755859375,2023-02-20,873.0499877929688,793.0394879150391,5,3,217.39990234375
TECHM.NS,2021-02-19,993.9500122070312,2021-03-26,991.0,1044.2025,0,1,-2.95001220703125
TECHM.NS,2021-05-10,990.5,2021-06-03,1014.3499755859375,1044.2025,1,1,20.89996337890625
TECHM.NS,2021-10-25,1524.0999755859375,2021-10-26,1563.300048828125,1044.2025,2,1,60.10003662109375
TECHM.NS,2022-02-01,1505.75,2022-03-30,1496.300048828125,1044.2025,2,2,50.65008544921875
TECHM.NS,2022-04-22,1306.5,2022-08-12,1065.9000244140625,1044.2025,2,3,-189.94989013671875
TECHM.NS,2022-10-06,1031.300048828125,2022-11-15,1066.949951171875,1044.2025,3,3,-154.29998779296875
TECHM.NS,2022-12-26,1001.0,2023-02-10,1017.3499755859375,1044.2025,4,3,-137.95001220703125
BAJAJFINSV.NS,2020-09-10,612.9249877929688,2020-11-12,702.6199951171875,1339.47,1,0,89.69500732421875
BAJAJFINSV.NS,2021-03-31,966.8599853515625,2021-04-30,1104.1650390625,1339.47,2,0,227.00006103515625
BAJAJFINSV.NS,2021-11-25,1736.885009765625,2022-01-20,1725.89501953125,1339.47,2,1,216.01007080078125
BAJAJFINSV.NS,2022-02-07,1571.135009765625,2022-04-04,1719.635009765625,1339.47,3,1,364.51007080078125
BAJAJFINSV.NS,2022-05-02,1495.7449951171875,2022-07-28,1464.2049560546875,1339.47,3,2,332.97003173828125
LICHSGFIN.NS,2020-08-05,257.0,2020-08-28,314.29998779296875,347.2425,1,0,57.29998779296875
LICHSGFIN.NS,2020-10-15,277.54998779296875,2020-11-02,299.1000061035156,347.2425,2,0,78.85000610351562
LICHSGFIN.NS,2021-03-19,416.45001220703125,2021-05-20,450.95001220703125,347.2425,3,0,113.35000610351562
LICHSGFIN.NS,2021-07-14,471.54998779296875,2021-09-27,434.95001220703125,347.2425,3,1,76.75003051757812
LICHSGFIN.NS,2021-11-12,431.04998779296875,2022-02-03,399.1499938964844,347.2425,3,2,44.85003662109375
LICHSGFIN.NS,2022-03-04,342.3500061035156,2022-04-11,392.0,347.2425,4,2,94.50003051757812
LICHSGFIN.NS,2022-05-17,355.45001220703125,2022-07-21,369.70001220703125,347.2425,5,2,108.75003051757812
LICHSGFIN.NS,2022-10-20,419.29998779296875,2022-10-28,421.20001220703125,347.2425,6,2,110.65005493164062
LICHSGFIN.NS,2022-11-01,400.5,2022-12-20,414.25,347.2425,7,2,124.40005493164062
ICICIGI.NS,2020-07-15,1252.6500244140625,2020-07-23,1283.0999755859375,1066.3289758300782,1,0,30.449951171875
ICICIGI.NS,2020-09-07,1283.0999755859375,2020-11-20,1356.300048828125,1066.3289758300782,2,0,103.6500244140625
ICICIGI.NS,2021-02-05,1467.75,2021-05-18,1487.050048828125,1066.3289758300782,3,0,122.9500732421875
ICICIGI.NS,2021-08-04,1445.300048828125,2021-09-08,1610.75,1066.3289758300782,4,0,288.4000244140625
ICICIGI.NS,2021-10-21,1505.4000244140625,2022-04-11,1356.0,1066.3289758300782,4,1,139.0
ICICIGI.NS,2022-05-19,1250.949951171875,2022-07-21,1225.300048828125,1066.3289758300782,4,2,113.35009765625
ICICIGI.NS,2022-09-22,1194.550048828125,2022-12-02,1238.6500244140625,1066.3289758300782,5,2,157.4500732421875
JUBLFOOD.NS,2020-11-02,433.3999938964844,2020-11-23,524.0499877929688,452.43,1,0,90.64999389648438
JUBLFOOD.NS,2021-04-09,576.27001953125,2021-05-24,602.739990234375,452.43,2,0,117.11996459960938
JUBLFOOD.NS,2021-10-29,737.8599853515625,2022-01-24,700.1300048828125,452.43,2,1,79.38998413085938
JUBLFOOD.NS,2022-02-02,660.3200073242188,2022-04-29,546.0,452.43,2,2,-34.930023193359375
JUBLFOOD.NS,2022-05-11,468.54998779296875,2022-06-21,517.8499755859375,452.43,3,2,14.369964599609375
LTTS.NS,2021-05-11,2530.449951171875,2021-06-09,2738.60009765625,3781.8,1,0,208.150146484375
LTTS.NS,2022-01-28,4580.10009765625,2022-03-28,4893.0,3781.8,2,0,521.050048828125
LTTS.NS,2022-04-27,4024.89990234375,2022-08-03,3474.699951171875,3781.8,2,1,-29.14990234375
LTTS.NS,2022-09-30,3591.60009765625,2022-11-11,3717.0,3781.8,3,1,96.25
LTTS.NS,2023-01-06,3624.60009765625,2023-02-28,3684.75,3781.8,4,1,156.39990234375
YESBANK.NS,2020-07-13,22.049999237060547,2020-11-23,14.550000190734863,15.790499811172484,0,1,-7.499999046325684
YESBANK.NS,2021-02-04,16.200000762939453,2021-06-23,13.699999809265137,15.790499811172484,0,2,-10.0
YESBANK.NS,2021-07-09,13.25,2021-09-29,12.300000190734863,15.790499811172484,0,3,-10.949999809265137
YESBANK.NS,2021-11-23,12.550000190734863,2021-12-23,13.550000190734863,15.790499811172484,1,3,-9.949999809265137
YESBANK.NS,2022-02-15,13.5,2022-04-13,14.550000190734863,15.790499811172484,2,3,-8.899999618530273
YESBANK.NS,2022-05-23,13.75,2022-07-21,14.300000190734863,15.790499811172484,3,3,-8.34999942779541
YESBANK.NS,2022-10-11,16.149999618530273,2022-11-22,17.049999237060547,15.790499811172484,4,3,-7.449999809265137
WHIRLPOOL.NS,2020-08-18,2022.5999755859375,2020-09-15,2225.60009765625,1306.8,1,0,203.0001220703125
WHIRLPOOL.NS,2020-10-16,2064.89990234375,2020-11-26,2120.800048828125,1306.8,2,0,258.9002685546875
WHIRLPOOL.NS,2021-02-24,2422.75,2021-06-15,2351.199951171875,1306.8,2,1,187.3502197265625
WHIRLPOOL.NS,2021-08-03,2165.199951171875,2021-09-17,2246.89990234375,1306.8,3,1,269.0501708984375
WHIRLPOOL.NS,2021-11-11,2317.050048828125,2022-04-29,1623.550048828125,1306.8,3,2,-424.4498291015625
WHIRLPOOL.NS,2022-05-12,1559.1500244140625,2022-07-15,1692.800048828125,1306.8,4,2,-290.7998046875
WHIRLPOOL.NS,2022-09-23,1655.699951171875,2023-03-29,1294.199951171875,1306.8,4,3,-652.2998046875
ZEEL.NS,2020-07-17,157.39999389648438,2020-08-26,211.5,195.12900604248046,1,0,54.100006103515625
ZEEL.NS,2020-10-19,174.1999969482422,2020-12-03,204.5,195.12900604248046,2,0,84.40000915527344
ZEEL.NS,2021-02-18,211.75,2021-06-03,219.60000610351562,195.12900604248046,3,0,92.25001525878906
ZEEL.NS,2021-07-27,200.5500030517578,2021-09-21,255.6999969482422,195.12900604248046,4,0,147.40000915527344
ZEEL.NS,2022-01-11,324.70001220703125,2022-04-04,302.75,195.12900604248046,4,1,125.44999694824219
ZEEL.NS,2022-05-10,232.64999389648438,2022-08-01,253.1999969482422,195.12900604248046,5,1,146.0
ZEEL.NS,2022-11-15,260.1499938964844,2023-04-13,208.14999389648438,195.12900604248046,5,2,94.0
HATSUN.NS,2021-01-25,726.6500244140625,2021-03-10,772.4500122070312,841.5494879150391,1,0,45.79998779296875
HATSUN.NS,2021-11-16,1339.199951171875,2022-03-28,1095.9000244140625,841.5494879150391,1,1,-197.49993896484375
HATSUN.NS,2022-04-18,1074.300048828125,2022-07-19,951.2000122070312,841.5494879150391,1,2,-320.5999755859375
HATSUN.NS,2022-10-17,1017.5999755859375,2023-03-08,897.6500244140625,841.5494879150391,1,3,-440.5499267578125
ACC.NS,2020-09-15,1386.9000244140625,2020-10-08,1517.9000244140625,1739.43,1,0,131.0
ACC.NS,2020-12-28,1622.449951171875,2021-01-18,1701.5,1739.43,2,0,210.050048828125
ACC.NS,2021-10-06,2203.25,2021-11-12,2571.949951171875,1739.43,3,0,578.75
ACC.NS,2021-12-14,2320.14990234375,2022-01-31,2285.75,1739.43,3,1,544.35009765625
ACC.NS,2022-02-28,2089.14990234375,2022-04-20,2208.25,1739.43,4,1,663.4501953125
ACC.NS,2022-06-06,2138.25,2022-07-22,2191.949951171875,1739.43,5,1,717.150146484375
ACC.NS,2022-10-19,2246.449951171875,2022-11-23,2458.89990234375,1739.43,6,1,929.60009765625
BHARATFORG.NS,2020-10-08,467.29998779296875,2020-11-11,499.75,797.494487915039,1,0,32.45001220703125
BHARATFORG.NS,2021-03-18,587.0999755859375,2021-05-12,664.6500244140625,797.494487915039,2,0,110.00006103515625
BHARATFORG.NS,2021-08-27,729.4500122070312,2021-10-27,781.25,797.494487915039,3,0,161.800048828125
BHARATFORG.NS,2021-12-01,699.8499755859375,2022-01-19,758.3499755859375,797.494487915039,4,0,220.300048828125
BHARATFORG.NS,2022-02-21,684.4000244140625,2022-04-11,740.0999755859375,797.494487915039,5,0,276.0
BHARATFORG.NS,2022-05-17,678.1500244140625,2022-07-26,704.0499877929688,797.494487915039,6,0,301.89996337890625
BHARATFORG.NS,2022-10-11,774.1500244140625,2022-10-27,821.2000122070312,797.494487915039,7,0,348.949951171875
LAURUSLABS.NS,2020-11-19,268.5,2020-12-16,338.95001220703125,309.07801208496096,1,0,70.45001220703125
LAURUSLABS.NS,2021-03-17,349.20001220703125,2021-04-07,420.6499938964844,309.07801208496096,2,0,141.89999389648438
LAURUSLABS.NS,2021-09-14,651.1500244140625,2021-12-31,538.9000244140625,309.07801208496096,2,1,29.649993896484375
LAURUSLABS.NS,2022-01-28,499.79998779296875,2022-02-17,549.2999877929688,309.07801208496096,3,1,79.14999389648438
LAURUSLABS.NS,2022-05-13,538.3499755859375,2022-08-03,522.25,309.07801208496096,3,2,63.050018310546875
LTIM.NS,2021-03-02,3832.800048828125,2021-03-31,4054.300048828125,4518.508403320312,1,0,221.5
LTIM.NS,2021-05-10,3665.449951171875,2021-06-17,4170.2001953125,4518.508403320312,2,0,726.250244140625
LTIM.NS,2022-01-28,5911.5498046875,2022-03-30,6310.35009765625,4518.508403320312,3,0,1125.050537109375
LTIM.NS,2022-04-20,5170.2998046875,2022-07-27,4412.89990234375,4518.508403320312,3,1,367.650634765625
LTIM.NS,2022-09-21,4410.89990234375,2022-10-25,4809.7001953125,4518.508403320312,4,1,766.450927734375
LTIM.NS,2022-12-14,4443.14990234375,2023-02-09,4695.64990234375,4518.508403320312,5,1,1018.950927734375
GSPL.NS,2020-07-29,203.25,2020-12-01,227.85000610351562,280.8630120849609,1,0,24.600006103515625
GSPL.NS,2021-01-22,202.60000610351562,2021-02-19,248.6999969482422,280.8630120849609,2,0,70.69999694824219
GSPL.NS,2021-04-30,269.6499938964844,2021-05-21,271.79998779296875,280.8630120849609,3,0,72.84999084472656
GSPL.NS,2021-09-22,313.3500061035156,2022-01-21,312.95001220703125,280.8630120849609,3,1,72.44999694824219
GSPL.NS,2022-02-16,292.0,2022-04-29,261.95001220703125,280.8630120849609,3,2,42.40000915527344
GSPL.NS,2022-05-10,253.6999969482422,2022-08-05,235.5500030517578,280.8630120849609,3,3,24.250015258789062
GSPL.NS,2022-10-07,225.75,2022-11-23,237.85000610351562,280.8630120849609,4,3,36.35002136230469
GSPL.NS,2023-02-09,260.04998779296875,2023-03-01,286.54998779296875,280.8630120849609,5,3,62.85002136230469
MPHASIS.NS,2020-11-20,1315.3499755859375,2020-12-23,1575.6500244140625,1835.46,1,0,260.300048828125
MPHASIS.NS,2021-12-06,3022.85009765625,2022-01-05,3313.550048828125,1835.46,2,0,551.0
MPHASIS.NS,2022-02-01,3146.949951171875,2022-03-16,3098.0,1835.46,2,1,502.050048828125
MPHASIS.NS,2022-04-26,2767.5,2022-08-16,2353.75,1835.46,2,2,88.300048828125
MPHASIS.NS,2022-09-07,2083.949951171875,2022-12-22,1989.1500244140625,1835.46,2,3,-6.4998779296875
MPHASIS.NS,2022-12-29,1931.5999755859375,2023-01-23,2058.800048828125,1835.46,3,3,120.7001953125
BAYERCROP.NS,2020-08-05,5524.7998046875,2020-08-14,6067.85009765625,4138.348403320312,1,0,543.05029296875
BAYERCROP.NS,2020-08-21,5886.89990234375,2020-08-24,5986.7998046875,4138.348403320312,2,0,642.9501953125
BAYERCROP.NS,2020-10-13,5702.5498046875,2020-12-30,5490.4501953125,4138.348403320312,2,1,430.8505859375
BAYERCROP.NS,2021-02-16,5245.7001953125,2021-04-27,5405.75,4138.348403320312,3,1,590.900390625
BAYERCROP.NS,2021-08-30,5387.39990234375,2021-12-31,4965.2001953125,4138.348403320312,3,2,168.70068359375
BAYERCROP.NS,2022-02-16,4533.2001953125,2022-04-06,4884.9501953125,4138.348403320312,4,2,520.45068359375
BAYERCROP.NS,2022-05-17,4618.60009765625,2022-06-02,5311.39990234375,4138.348403320312,5,2,1213.25048828125
BAYERCROP.NS,2022-09-14,5175.5,2022-12-19,4793.89990234375,4138.348403320312,5,3,831.650390625
BAJFINANCE.NS,2020-09-30,3278.60009765625,2020-11-10,4208.5498046875,6195.370693359375,1,0,929.94970703125
BAJFINANCE.NS,2021-02-01,5058.60009765625,2021-02-09,5400.2998046875,6195.370693359375,2,0,1271.6494140625
BAJFINANCE.NS,2021-04-06,4993.10009765625,2021-05-18,5688.75,6195.370693359375,3,0,1967.29931640625
BAJFINANCE.NS,2021-11-12,7579.10009765625,2022-01-17,7852.60009765625,6195.370693359375,4,0,2240.79931640625
BAJFINANCE.NS,2022-02-14,6785.9501953125,2022-04-06,7346.9501953125,6195.370693359375,5,0,2801.79931640625
BAJFINANCE.NS,2022-05-10,5928.4501953125,2022-07-20,6074.39990234375,6195.370693359375,6,0,2947.7490234375
BAJFINANCE.NS,2022-10-24,7206.5,2023-02-24,6236.25,6195.370693359375,6,1,1977.4990234375
KANSAINER.NS,2020-10-16,501.8999938964844,2020-10-27,517.4000244140625,379.71448791503906,1,0,15.500030517578125
KANSAINER.NS,2021-02-18,586.4500122070312,2021-04-23,549.9000244140625,379.71448791503906,1,1,-21.049957275390625
KANSAINER.NS,2021-05-04,571.0,2021-05-26,582.2999877929688,379.71448791503906,2,1,-9.749969482421875
KANSAINER.NS,2021-06-04,579.6500244140625,2021-06-09,589.4000244140625,379.71448791503906,3,1,3.0517578125e-05
KANSAINER.NS,2021-09-21,619.9000244140625,2021-10-07,640.25,379.71448791503906,4,1,20.350006103515625
KANSAINER.NS,2021-10-19,574.9500122070312,2021-12-10,597.0499877929688,379.71448791503906,5,1,42.449981689453125
KANSAINER.NS,2021-12-16,582.7000122070312,2021-12-17,589.8499755859375,379.71448791503906,6,1,49.599945068359375
KANSAINER.NS,2022-01-07,597.9000244140625,2022-01-19,595.5,379.71448791503906,6,2,47.199920654296875
KANSAINER.NS,2022-02-03,555.2999877929688,2022-04-26,469.1000061035156,379.71448791503906,6,3,-39.00006103515625
KANSAINER.NS,2022-05-13,398.1000061035156,2022-07-29,400.0,379.71448791503906,7,3,-37.100067138671875
MOTHERSON.NS,2020-07-31,38.89240646362305,2020-08-12,47.84708786010742,73.40850151062011,1,0,8.954681396484375
MOTHERSON.NS,2020-10-15,43.23655319213867,2020-11-14,53.27727127075195,73.40850151062011,2,0,18.995399475097656
MOTHERSON.NS,2021-02-09,66.24823760986328,2021-02-15,86.35015869140625,73.40850151062011,3,0,39.097320556640625
MOTHERSON.NS,2021-04-20,83.74777221679688,2021-05-11,95.55073547363281,73.40850151062011,4,0,50.90028381347656
MOTHERSON.NS,2021-07-13,100.2022476196289,2021-10-05,92.84588623046875,73.40850151062011,4,1,43.543922424316406
MOTHERSON.NS,2021-12-02,88.70665740966797,2022-01-14,123.69999694824219,73.40850151062011,5,1,78.53726196289062
MOTHERSON.NS,2022-03-07,85.46666717529297,2022-07-27,86.23332977294922,73.40850151062011,6,1,79.30392456054688
MOTHERSON.NS,2022-09-15,85.96666717529297,2022-12-01,74.0,73.40850151062011,6,2,67.3372573852539
NTPC.NS,2020-07-15,88.05000305175781,2020-08-26,102.80000305175781,172.85400604248048,1,0,14.75
NTPC.NS,2020-09-25,84.80000305175781,2020-11-13,91.44999694824219,172.85400604248048,2,0,21.399993896484375
NTPC.NS,2021-01-29,88.94999694824219,2021-02-25,108.0,172.85400604248048,3,0,40.44999694824219
NTPC.NS,2021-04-20,99.05000305175781,2021-05-20,111.75,172.85400604248048,4,0,53.149993896484375
NTPC.NS,2021-08-17,117.4000015258789,2021-09-23,126.19999694824219,172.85400604248048,5,0,61.949989318847656
NTPC.NS,2021-11-25,135.1999969482422,2022-01-19,134.8000030517578,172.85400604248048,5,1,61.54999542236328
NTPC.NS,2022-03-07,130.0500030517578,2022-04-05,149.10000610351562,172.85400604248048,6,1,80.5999984741211
NTPC.NS,2022-06-07,157.25,2022-08-01,156.5,172.85400604248048,6,2,79.8499984741211
NTPC.NS,2022-10-20,166.9499969482422,2022-10-28,174.0500030517578,172.85400604248048,7,2,86.95000457763672
NTPC.NS,2022-12-26,165.64999389648438,2023-02-23,169.60000610351562,172.85400604248048,8,2,90.90001678466797
M&M.NS,2020-10-05,607.0,2020-10-08,634.1500244140625,1220.7195483398436,1,0,27.1500244140625
M&M.NS,2020-10-15,617.2999877929688,2020-11-19,703.9000244140625,1220.7195483398436,2,0,113.75006103515625
M&M.NS,2021-03-25,791.7000122070312,2021-06-03,802.0499877929688,1220.7195483398436,3,0,124.10003662109375
M&M.NS,2021-07-09,771.5499877929688,2021-08-30,791.5499877929688,1220.7195483398436,4,0,144.10003662109375
M&M.NS,2021-09-15,755.0999755859375,2021-10-04,841.1500244140625,1220.7195483398436,5,0,230.15008544921875
M&M.NS,2021-12-10,859.7000122070312,2022-01-25,854.5,1220.7195483398436,5,1,224.9500732421875
M&M.NS,2022-02-25,807.5999755859375,2022-04-13,866.0999755859375,1220.7195483398436,6,1,283.4500732421875
M&M.NS,2022-10-11,1229.550048828125,2022-11-07,1351.300048828125,1220.7195483398436,7,1,405.2000732421875
M&M.NS,2022-12-06,1263.050048828125,2023-01-17,1320.8499755859375,1220.7195483398436,8,1,463.0
L&TFH.NS,2020-08-04,56.36491012573242,2020-08-28,66.59616088867188,93.55499999999999,1,0,10.231250762939453
L&TFH.NS,2020-09-24,52.318912506103516,2020-11-05,62.038604736328125,93.55499999999999,2,0,19.950942993164062
L&TFH.NS,2021-04-12,88.5999984741211,2021-06-10,99.05000305175781,93.55499999999999,3,0,30.40094757080078
L&TFH.NS,2021-07-23,88.25,2021-09-29,89.9000015258789,93.55499999999999,4,0,32.05094909667969
L&TFH.NS,2021-11-11,85.4000015258789,2022-04-01,83.05000305175781,93.55499999999999,4,1,29.700950622558594
L&TFH.NS,2022-05-25,71.75,2022-08-01,76.4000015258789,93.55499999999999,5,1,34.3509521484375
L&TFH.NS,2022-10-13,76.44999694824219,2022-11-02,79.4000015258789,93.55499999999999,6,1,37.30095672607422
ZFCVINDIA.NS,2020-09-14,6691.10009765625,2020-12-03,5782.25,10233.184306640625,0,1,-908.85009765625
ZFCVINDIA.NS,2021-01-22,5378.75,2021-02-17,5965.85009765625,10233.184306640625,1,1,-321.75
ZFCVINDIA.NS,2021-09-03,7003.2998046875,2021-10-04,7161.7998046875,10233.184306640625,2,1,-163.25
ZFCVINDIA.NS,2021-10-06,7137.75,2021-10-19,7550.7001953125,10233.184306640625,3,1,249.7001953125
ZFCVINDIA.NS,2022-02-11,7697.7001953125,2022-04-18,7649.25,10233.184306640625,3,2,201.25
ZFCVINDIA.NS,2022-06-16,7286.75,2022-07-18,8297.099609375,10233.184306640625,4,2,1211.599609375
ZFCVINDIA.NS,2022-11-16,9515.2001953125,2023-02-07,9838.5498046875,10233.184306640625,5,2,1534.94921875
GUJGASLTD.NS,2020-08-11,311.8500061035156,2020-08-13,325.6499938964844,460.1025,1,0,13.79998779296875
GUJGASLTD.NS,2020-09-24,295.8500061035156,2020-11-17,311.0,460.1025,2,0,28.949981689453125
GUJGASLTD.NS,2021-05-19,520.5999755859375,2021-06-08,598.9500122070312,460.1025,3,0,107.30001831054688
GUJGASLTD.NS,2021-09-14,672.7000122070312,2021-11-24,658.0999755859375,460.1025,3,1,92.69998168945312
GUJGASLTD.NS,2021-12-31,634.8499755859375,2022-01-17,696.0999755859375,460.1025,4,1,153.94998168945312
GUJGASLTD.NS,2022-02-24,572.75,2022-05-11,537.4000244140625,460.1025,4,2,118.60000610351562
GUJGASLTD.NS,2022-06-16,424.20001220703125,2022-08-12,480.25,460.1025,5,2,174.64999389648438
GUJGASLTD.NS,2022-10-21,501.79998779296875,2022-11-03,516.5999755859375,460.1025,6,2,189.44998168945312
GUJGASLTD.NS,2023-01-02,490.1499938964844,2023-02-24,507.3999938964844,460.1025,7,2,206.69998168945312
PFIZER.NS,2020-07-13,4126.60009765625,2020-07-24,4342.85009765625,3723.9840966796874,1,0,216.25
PFIZER.NS,2021-01-19,4966.2001953125,2021-04-13,5081.9501953125,3723.9840966796874,2,0,332.0
PFIZER.NS,2021-10-05,5656.2998046875,2022-04-07,4474.0498046875,3723.9840966796874,2,1,-850.25
PFIZER.NS,2022-05-10,4217.85009765625,2022-08-02,4228.35009765625,3723.9840966796874,3,1,-839.75
GLAXO.NS,2020-10-16,1517.25,2020-12-09,1550.0999755859375,1229.085,1,0,32.8499755859375
GLAXO.NS,2021-01-29,1465.800048828125,2021-05-06,1464.199951171875,1229.085,1,1,31.2498779296875
GLAXO.NS,2021-09-03,1511.3499755859375,2021-11-08,1675.199951171875,1229.085,2,1,195.099853515625
GLAXO.NS,2022-01-25,1653.0999755859375,2022-04-04,1625.75,1229.085,2,2,167.7498779296875
GLAXO.NS,2022-05-12,1482.699951171875,2023-03-09,1296.550048828125,1229.085,2,3,-18.4000244140625
UBL.NS,2020-08-03,946.2000122070312,2020-09-02,1084.5,1430.0054516601563,1,0,138.29998779296875
UBL.NS,2020-10-06,975.4000244140625,2020-11-20,1094.25,1430.0054516601563,2,0,257.14996337890625
UBL.NS,2021-03-04,1234.4000244140625,2021-05-19,1283.199951171875,1430.0054516601563,3,0,305.94989013671875
UBL.NS,2021-12-02,1515.050048828125,2022-01-19,1612.4000244140625,1430.0054516601563,4,0,403.29986572265625
UBL.NS,2022-02-17,1551.0,2022-04-20,1481.800048828125,1430.0054516601563,4,1,334.09991455078125
UBL.NS,2022-05-25,1430.0999755859375,2022-06-23,1490.449951171875,1430.0054516601563,5,1,394.44989013671875
UBL.NS,2022-06-28,1461.449951171875,2022-07-07,1624.5999755859375,1430.0054516601563,6,1,557.5999145507812
UBL.NS,2022-11-04,1658.25,2022-11-28,1678.199951171875,1430.0054516601563,7,1,577.5498657226562
ABFRL.NS,2020-07-22,120.30000305175781,2020-08-19,140.0,222.255,1,0,19.699996948242188
ABFRL.NS,2020-10-05,132.1999969482422,2020-10-26,161.1999969482422,222.255,2,0,48.69999694824219
ABFRL.NS,2021-02-12,166.4499969482422,2021-03-01,192.85000610351562,222.255,3,0,75.10000610351562
ABFRL.NS,2021-04-22,176.4499969482422,2021-06-03,197.14999389648438,222.255,4,0,95.80000305175781
ABFRL.NS,2021-08-23,194.0,2021-09-24,223.85000610351562,222.255,5,0,125.65000915527344
ABFRL.NS,2021-12-15,282.45001220703125,2022-01-10,293.1000061035156,222.255,6,0,136.3000030517578
ABFRL.NS,2022-02-23,269.1000061035156,2022-04-01,300.0,222.255,7,0,167.1999969482422
ABFRL.NS,2022-05-11,258.20001220703125,2022-07-26,265.29998779296875,222.255,8,0,174.2999725341797
APLAPOLLO.NS,2021-06-01,648.7000122070312,2021-06-09,684.5250244140625,1205.176475830078,1,0,35.82501220703125
APLAPOLLO.NS,2021-10-22,816.4500122070312,2021-11-24,925.25,1205.176475830078,2,0,144.625
APLAPOLLO.NS,2022-01-21,959.4500122070312,2022-03-28,907.1500244140625,1205.176475830078,2,1,92.32501220703125
APLAPOLLO.NS,2022-05-20,918.5499877929688,2022-08-02,991.4500122070312,1205.176475830078,3,1,165.22503662109375
APLAPOLLO.NS,2023-01-10,1105.050048828125,2023-01-20,1196.699951171875,1205.176475830078,4,1,256.87493896484375
SAIL.NS,2020-09-29,35.599998474121094,2020-11-13,39.150001525878906,83.01149848937989,1,0,3.5500030517578125
SAIL.NS,2021-02-11,66.9000015258789,2021-02-26,76.55000305175781,83.01149848937989,2,0,13.200004577636719
SAIL.NS,2021-07-12,124.8499984741211,2021-07-22,126.1500015258789,83.01149848937989,3,0,14.500007629394531
SAIL.NS,2021-09-01,120.05000305175781,2021-10-28,115.0,83.01149848937989,3,1,9.450004577636719
SAIL.NS,2021-11-26,103.6500015258789,2022-04-04,106.4000015258789,83.01149848937989,4,1,12.200004577636719
SAIL.NS,2022-05-10,84.0999984741211,2022-07-28,73.80000305175781,83.01149848937989,4,2,1.9000091552734375
SAIL.NS,2022-10-07,81.05000305175781,2022-11-07,87.0999984741211,83.01149848937989,5,2,7.950004577636719
SAIL.NS,2022-12-30,82.6500015258789,2023-01-17,87.1500015258789,83.01149848937989,6,2,12.450004577636719
COFORGE.NS,2020-11-14,2318.949951171875,2020-12-07,2455.699951171875,4137.556596679688,1,0,136.75
COFORGE.NS,2021-02-05,2498.60009765625,2021-03-16,2993.550048828125,4137.556596679688,2,0,631.699951171875
COFORGE.NS,2021-11-08,5251.64990234375,2021-12-01,5378.60009765625,4137.556596679688,3,0,758.650146484375
COFORGE.NS,2021-12-17,5392.9501953125,2021-12-27,5618.14990234375,4137.556596679688,4,0,983.849853515625
COFORGE.NS,2022-02-01,4790.89990234375,2022-07-29,3954.300048828125,4137.556596679688,4,1,147.25
COFORGE.NS,2022-09-12,3617.949951171875,2022-10-24,3877.300048828125,4137.556596679688,5,1,406.60009765625
COFORGE.NS,2023-01-05,3929.449951171875,2023-01-23,4358.89990234375,4137.556596679688,6,1,836.050048828125
HAPPSTMNDS.NS,2020-11-26,311.8500061035156,2020-12-24,347.04998779296875,817.74,1,0,35.199981689453125
HAPPSTMNDS.NS,2021-10-12,1383.550048828125,2022-01-03,1337.550048828125,817.74,1,1,-10.800018310546875
HAPPSTMNDS.NS,2022-02-01,1153.9000244140625,2022-04-04,1110.5999755859375,817.74,1,2,-54.100067138671875
HAPPSTMNDS.NS,2022-05-05,990.2000122070312,2022-07-29,967.9500122070312,817.74,1,3,-76.35006713867188
AFFLE.NS,2020-10-27,542.9299926757812,2020-11-23,660.6599731445312,928.62,1,0,117.72998046875
AFFLE.NS,2021-02-09,841.75,2021-02-10,925.9199829101562,928.62,2,0,201.89996337890625
AFFLE.NS,2021-04-26,1126.010009765625,2021-09-08,981.3699951171875,928.62,2,1,57.25994873046875
AFFLE.NS,2021-12-16,1085.949951171875,2022-01-05,1327.199951171875,928.62,3,1,298.50994873046875
AFFLE.NS,2022-02-24,1114.5,2022-04-06,1254.050048828125,928.62,4,1,438.05999755859375
AFFLE.NS,2022-05-09,1119.0,2022-07-18,1069.25,928.62,4,2,388.30999755859375
AFFLE.NS,2022-10-14,1174.75,2022-11-29,1251.5,928.62,5,2,465.05999755859375
IOC.NS,2020-08-25,58.86666488647461,2020-11-12,56.86666488647461,81.27899848937989,0,1,-2.0
IOC.NS,2021-04-05,60.5,2021-05-20,69.80000305175781,81.27899848937989,1,1,7.3000030517578125
IOC.NS,2021-07-16,70.73332977294922,2021-09-06,74.4000015258789,81.27899848937989,2,1,10.9666748046875
IOC.NS,2021-12-03,81.46666717529297,2022-01-27,81.80000305175781,81.27899848937989,3,1,11.300010681152344
IOC.NS,2022-03-04,75.5,2022-04-05,81.76666259765625,81.27899848937989,4,1,17.566673278808594
IOC.NS,2022-05-23,78.46666717529297,2022-11-17,69.0999984741211,81.27899848937989,4,2,8.200004577636719
SUPREMEIND.NS,2021-04-20,1989.75,2021-05-06,2177.550048828125,2704.5809033203127,1,0,187.800048828125
SUPREMEIND.NS,2021-07-08,2188.39990234375,2021-09-16,2302.75,2704.5809033203127,2,0,302.150146484375
SUPREMEIND.NS,2021-11-17,2259.10009765625,2022-04-06,2162.550048828125,2704.5809033203127,2,1,205.60009765625
SUPREMEIND.NS,2022-05-06,1980.449951171875,2022-07-21,1878.949951171875,2704.5809033203127,2,2,104.10009765625
SUPREMEIND.NS,2023-01-27,2538.949951171875,2023-01-31,2528.85009765625,2704.5809033203127,2,3,94.000244140625
CUMMINSIND.NS,2020-10-14,437.79998779296875,2020-11-17,493.0,1569.8925,1,0,55.20001220703125
CUMMINSIND.NS,2021-05-07,838.1500244140625,2021-06-30,899.5,1569.8925,2,0,116.54998779296875
CUMMINSIND.NS,2021-10-11,909.4000244140625,2021-12-08,945.2000122070312,1569.8925,3,0,152.3499755859375
CUMMINSIND.NS,2022-02-11,938.8499755859375,2022-02-23,965.5,1569.8925,4,0,179.0
CUMMINSIND.NS,2022-05-11,978.75,2022-07-07,1130.25,1569.8925,5,0,330.5
CUMMINSIND.NS,2022-10-13,1189.199951171875,2022-10-31,1347.9000244140625,1569.8925,6,0,489.2000732421875
CLEAN.NS,2021-11-29,2010.25,2021-12-02,2306.35009765625,1456.29,1,0,296.10009765625
CLEAN.NS,2022-02-04,2332.949951171875,2022-08-02,1670.5,1456.29,1,1,-366.349853515625
CLEAN.NS,2022-10-17,1602.6500244140625,2023-03-01,1388.800048828125,1456.29,1,2,-580.1998291015625
SOLARINDS.NS,2020-10-16,1037.0,2020-12-15,1086.8499755859375,3789.6209033203127,1,0,49.8499755859375
SOLARINDS.NS,2021-04-15,1311.8499755859375,2021-06-01,1494.800048828125,3789.6209033203127,2,0,232.800048828125
SOLARINDS.NS,2021-12-28,2361.449951171875,2022-03-15,2407.25,3789.6209033203127,3,0,278.60009765625
SOLARINDS.NS,2022-05-27,2571.39990234375,2022-07-29,2742.10009765625,3789.6209033203127,4,0,449.30029296875
SOLARINDS.NS,2022-08-01,2693.25,2022-08-02,2709.5,3789.6209033203127,5,0,465.55029296875
SOLARINDS.NS,2022-12-12,4034.60009765625,2022-12-16,4120.14990234375,3789.6209033203127,6,0,551.10009765625
SUNTV.NS,2020-07-24,375.6499938964844,2020-08-18,434.25,429.165,1,0,58.600006103515625
SUNTV.NS,2020-10-19,427.0,2020-12-11,469.8500061035156,429.165,2,0,101.45001220703125
SUNTV.NS,2021-03-09,491.04998779296875,2021-05-10,505.25,429.165,3,0,115.6500244140625
SUNTV.NS,2021-07-22,534.5,2021-07-30,579.5999755859375,429.165,4,0,160.75
SUNTV.NS,2021-08-24,497.29998779296875,2021-10-11,535.5,429.165,5,0,198.95001220703125
SUNTV.NS,2021-12-06,527.4500122070312,2022-04-12,518.4000244140625,429.165,5,1,189.9000244140625
SUNTV.NS,2022-05-16,411.1499938964844,2022-07-25,442.70001220703125,429.165,6,1,221.45004272460938
ASHOKLEY.NS,2020-08-06,49.04999923706055,2020-08-14,61.599998474121094,142.70849395751952,1,0,12.549999237060547
ASHOKLEY.NS,2021-03-22,113.75,2021-05-24,125.0,142.70849395751952,2,0,23.799999237060547
ASHOKLEY.NS,2021-07-13,127.0,2021-07-16,127.8499984741211,142.70849395751952,3,0,24.64999771118164
ASHOKLEY.NS,2021-07-27,122.4000015258789,2021-07-30,132.8000030517578,142.70849395751952,4,0,35.04999923706055
ASHOKLEY.NS,2021-09-03,120.5999984741211,2021-10-04,129.85000610351562,142.70849395751952,5,0,44.30000686645508
ASHOKLEY.NS,2021-12-03,120.6500015258789,2022-01-20,139.0500030517578,142.70849395751952,6,0,62.700008392333984
ASHOKLEY.NS,2022-02-25,118.0,2022-04-19,124.5,142.70849395751952,7,0,69.20000839233398
ASHOKLEY.NS,2022-10-18,149.8000030517578,2023-01-19,145.9499969482422,142.70849395751952,7,1,65.35000228881836
SKFINDIA.NS,2020-08-06,1462.75,2020-09-08,1578.6500244140625,4103.450903320312,1,0,115.9000244140625
SKFINDIA.NS,2020-09-30,1461.5,2020-11-17,1576.050048828125,4103.450903320312,2,0,230.4500732421875
SKFINDIA.NS,2021-04-12,2148.10009765625,2021-05-12,2314.300048828125,4103.450903320312,3,0,396.6500244140625
SKFINDIA.NS,2022-01-11,3933.699951171875,2022-01-21,3934.449951171875,4103.450903320312,4,0,397.4000244140625
SKFINDIA.NS,2022-02-07,3653.300048828125,2022-04-18,3435.050048828125,4103.450903320312,4,1,179.1500244140625
SKFINDIA.NS,2022-05-09,3171.949951171875,2022-06-14,3264.0,4103.450903320312,5,1,271.2000732421875
SKFINDIA.NS,2022-10-13,4509.35009765625,2022-11-22,5048.9501953125,4103.450903320312,6,1,810.8001708984375
TIINDIA.NS,2020-10-14,586.7999877929688,2020-11-09,692.8499755859375,2525.49,1,0,106.04998779296875
TIINDIA.NS,2021-02-02,805.2999877929688,2021-02-04,826.9500122070312,2525.49,2,0,127.70001220703125
TIINDIA.NS,2021-07-07,1103.5999755859375,2021-08-20,1267.699951171875,2525.49,3,0,291.79998779296875
TIINDIA.NS,2022-02-16,1665.6500244140625,2022-04-12,1769.300048828125,2525.49,4,0,395.45001220703125
TIINDIA.NS,2022-05-31,1570.3499755859375,2022-07-08,2013.0999755859375,2525.49,5,0,838.2000122070312
TIINDIA.NS,2022-11-22,2596.75,2022-12-12,2999.25,2525.49,6,0,1240.7000122070312
TIINDIA.NS,2023-01-17,2657.699951171875,2023-03-16,2667.550048828125,2525.49,7,0,1250.5501098632812
NYKAA.NS,2022-01-19,337.6333312988281,2022-04-06,298.3833312988281,125.92799697875977,0,1,-39.25
NYKAA.NS,2022-05-17,244.81666564941406,2023-03-02,147.5,125.92799697875977,0,2,-136.56666564941406
ISEC.NS,2020-08-20,460.1499938964844,2020-12-18,452.0,446.53948791503905,0,1,-8.149993896484375
ISEC.NS,2021-01-15,442.75,2021-04-28,465.79998779296875,446.53948791503905,1,1,14.899993896484375
ISEC.NS,2021-09-14,732.2999877929688,2021-09-15,753.9000244140625,446.53948791503905,2,1,36.500030517578125
ISEC.NS,2021-11-23,781.0499877929688,2021-11-29,742.25,446.53948791503905,2,2,-2.299957275390625
ISEC.NS,2021-12-01,746.5499877929688,2021-12-29,782.1500244140625,446.53948791503905,3,2,33.300079345703125
ISEC.NS,2022-02-02,746.5499877929688,2022-07-27,466.6499938964844,446.53948791503905,3,3,-246.59991455078125
ISEC.NS,2022-10-24,509.95001220703125,2022-11-10,540.75,446.53948791503905,4,3,-215.7999267578125
BANDHANBNK.NS,2020-08-14,288.20001220703125,2020-10-21,316.04998779296875,226.80900604248046,1,0,27.8499755859375
BANDHANBNK.NS,2021-01-25,309.54998779296875,2021-03-23,364.6499938964844,226.80900604248046,2,0,82.94998168945312
BANDHANBNK.NS,2021-04-20,309.1499938964844,2021-06-21,341.1499938964844,226.80900604248046,3,0,114.94998168945312
BANDHANBNK.NS,2021-07-28,296.04998779296875,2021-10-07,328.54998779296875,226.80900604248046,4,0,147.44998168945312
BANDHANBNK.NS,2021-11-26,282.6499938964844,2022-01-25,324.1499938964844,226.80900604248046,5,0,188.94998168945312
BANDHANBNK.NS,2022-03-14,264.95001220703125,2022-04-12,333.45001220703125,226.80900604248046,6,0,257.4499816894531
BANDHANBNK.NS,2022-06-13,307.1000061035156,2022-08-25,297.1499938964844,226.80900604248046,6,1,247.49996948242188
BANDHANBNK.NS,2022-10-07,274.8999938964844,2022-12-23,226.5,226.80900604248046,6,2,199.0999755859375
IDEA.NS,2020-07-30,8.0,2020-09-03,12.550000190734863,6.732000188827515,1,0,4.550000190734863
IDEA.NS,2020-10-14,8.399999618530273,2020-11-27,9.800000190734863,6.732000188827515,2,0,5.950000762939453
IDEA.NS,2021-03-03,11.149999618530273,2021-06-09,9.649999618530273,6.732000188827515,2,1,4.450000762939453
IDEA.NS,2021-07-23,8.350000381469727,2021-09-21,10.800000190734863,6.732000188827515,3,1,6.90000057220459
IDEA.NS,2021-11-15,10.100000381469727,2021-12-03,14.449999809265137,6.732000188827515,4,1,11.25
IDEA.NS,2022-01-27,10.649999618530273,2022-08-03,9.100000381469727,6.732000188827515,4,2,9.700000762939453
LICI.NS,2022-07-25,683.9500122070312,2022-11-25,627.75,546.3810241699218,0,1,-56.20001220703125
ALKYLAMINE.NS,2020-10-20,1233.6199951171875,2020-11-23,1498.6400146484375,2526.8265966796876,1,0,265.02001953125
ALKYLAMINE.NS,2021-09-20,3777.800048828125,2022-01-07,3651.0,2526.8265966796876,1,1,138.219970703125
ALKYLAMINE.NS,2022-02-11,3119.39990234375,2022-04-13,3182.699951171875,2526.8265966796876,2,1,201.52001953125
ALKYLAMINE.NS,2022-05-20,2785.699951171875,2022-07-28,2863.949951171875,2526.8265966796876,3,1,279.77001953125
TATAPOWER.NS,2020-10-05,53.849998474121094,2020-11-17,57.650001525878906,198.84150604248046,1,0,3.8000030517578125
TATAPOWER.NS,2021-04-28,97.94999694824219,2021-05-24,107.30000305175781,198.84150604248046,2,0,13.150009155273438
TATAPOWER.NS,2021-12-21,211.89999389648438,2022-01-19,248.5,198.84150604248046,3,0,49.75001525878906
TATAPOWER.NS,2022-03-02,225.39999389648438,2022-04-04,251.9499969482422,198.84150604248046,4,0,76.30001831054688
TATAPOWER.NS,2022-05-16,226.60000610351562,2022-07-28,218.14999389648438,198.84150604248046,4,1,67.85000610351562
TATAPOWER.NS,2022-10-04,219.0500030517578,2022-11-21,221.39999389648438,198.84150604248046,5,1,70.19999694824219
RAJESHEXPO.NS,2020-07-13,472.1000061035156,2020-10-06,471.70001220703125,556.38,0,1,-0.399993896484375
RAJESHEXPO.NS,2020-10-19,446.1000061035156,2020-12-03,472.8500061035156,556.38,1,1,26.350006103515625
RAJESHEXPO.NS,2021-02-10,483.04998779296875,2021-02-23,487.54998779296875,556.38,2,1,30.850006103515625
RAJESHEXPO.NS,2021-04-12,494.25,2021-04-29,528.5,556.38,3,1,65.10000610351562
RAJESHEXPO.NS,2021-09-20,580.4000244140625,2021-10-19,631.6500244140625,556.38,4,1,116.35000610351562
RAJESHEXPO.NS,2022-02-28,701.7999877929688,2022-07-07,610.4000244140625,556.38,4,2,24.950042724609375
RAJESHEXPO.NS,2022-09-06,580.4000244140625,2022-10-13,672.7000122070312,556.38,5,2,117.25003051757812
IRCTC.NS,2020-07-17,274.19000244140625,2020-09-07,282.9700012207031,618.0075,1,0,8.779998779296875
IRCTC.NS,2020-09-09,269.7799987792969,2020-09-16,273.4800109863281,618.0075,2,0,12.480010986328125
IRCTC.NS,2020-10-15,265.8999938964844,2020-11-27,270.69000244140625,618.0075,3,0,17.27001953125
IRCTC.NS,2021-04-16,325.489990234375,2021-05-24,376.8999938964844,618.0075,4,0,68.68002319335938
IRCTC.NS,2021-11-29,775.7999877929688,2022-01-17,897.3499755859375,618.0075,5,0,190.23001098632812
IRCTC.NS,2022-02-15,820.5,2022-04-28,757.4000244140625,618.0075,5,1,127.13003540039062
IRCTC.NS,2022-04-29,745.9500122070312,2022-08-10,673.1500244140625,618.0075,5,2,54.330047607421875
AAVAS.NS,2020-09-25,1384.3499755859375,2020-10-13,1494.8499755859375,1388.97,1,0,110.5
AAVAS.NS,2021-05-06,2209.050048828125,2021-06-07,2434.300048828125,1388.97,2,0,335.75
AAVAS.NS,2021-08-13,2591.5,2021-10-05,2598.699951171875,1388.97,3,0,342.949951171875
AAVAS.NS,2021-12-10,2583.39990234375,2022-01-18,2863.300048828125,1388.97,4,0,622.85009765625
AAVAS.NS,2022-03-11,2546.14990234375,2022-07-27,2284.199951171875,1388.97,4,1,360.900146484375
AAVAS.NS,2022-09-28,2193.0,2023-02-09,1995.449951171875,1388.97,4,2,163.35009765625
EMAMILTD.NS,2020-10-16,347.45001220703125,2020-11-10,378.6000061035156,374.21999999999997,1,0,31.149993896484375
EMAMILTD.NS,2021-03-10,482.3500061035156,2021-04-01,488.04998779296875,374.21999999999997,2,0,36.8499755859375
EMAMILTD.NS,2021-05-25,499.8500061035156,2021-06-02,527.75,374.21999999999997,3,0,64.74996948242188
EMAMILTD.NS,2021-10-07,545.5499877929688,2022-05-04,484.6499938964844,374.21999999999997,3,1,3.8499755859375
EMAMILTD.NS,2022-05-20,424.29998779296875,2022-07-14,470.95001220703125,374.21999999999997,4,1,50.5
SUMICHEM.NS,2020-07-30,268.1499938964844,2020-08-27,284.45001220703125,404.95948791503906,1,0,16.300018310546875
SUMICHEM.NS,2020-10-27,275.1000061035156,2020-12-07,317.95001220703125,404.95948791503906,2,0,59.1500244140625
SUMICHEM.NS,2021-02-22,299.1000061035156,2021-04-29,307.8500061035156,404.95948791503906,3,0,67.9000244140625
SUMICHEM.NS,2021-09-01,428.45001220703125,2022-01-10,394.3500061035156,404.95948791503906,3,1,33.800018310546875
SUMICHEM.NS,2022-03-07,365.1499938964844,2022-03-28,417.3999938964844,404.95948791503906,4,1,86.05001831054688
SUMICHEM.NS,2022-07-04,441.8999938964844,2022-07-14,489.25,404.95948791503906,5,1,133.4000244140625
SUMICHEM.NS,2022-11-10,462.0,2022-12-30,488.20001220703125,404.95948791503906,6,1,159.60003662109375
AWL.NS,2022-06-17,584.7000122070312,2022-08-02,709.8499755859375,411.34499999999997,1,0,125.14996337890625
